IPO Status,Organization Name,Organization Name URL,Industries,Headquarters Location,Description,Last Funding Amount,Last Funding Amount Currency,Last Funding Amount Currency (in USD),Last Funding Type,CB Rank (Company),Number of Funding Rounds,LinkedIn,Website,Founders,Estimated Revenue Range,Trend Score (90 Days),Top 5 Investors
Private,Five to Nine,https://www.crunchbase.com/organization/five-to-nine,"B2B, Communities, Employee Benefits, Millennials, SaaS, Social","Chicago, Illinois, United States",Five to Nine is a culture engagement solution that increases workplace connectivity and inclusion. ,25000,USD,25000,Seed,"1,404",3,https://www.linkedin.com/company/10057324,http://fivetonine.co,"Denise Umubyeyi, Jasmine Shells",Less than $1M,9.6,"Kapor Capital, Quake Capital Partners, Sterling Road, Chicago Early Growth Ventures (CEGV)"
Private,App n Tap,https://www.crunchbase.com/organization/app-n-tap,"B2B, B2C, Content, Content Delivery Network, Content Marketing, SaaS, SEO, Software","New Delhi, Delhi, India","Content empowers Advertising, Content empowers Marketing, Content empowers the Product but what empowers the Content?  You and App N Tap!",26217,USD,26217,Pre-Seed,"1,705",1,https://www.linkedin.com/company/appntap/,https://www.appntap.in,Prakhar Porwal,,8.6,Prakhar Porwal
Private,Frubana,https://www.crunchbase.com/organization/frubana,"B2B, E-Commerce, E-Commerce Platforms, Logistics, Restaurants","Bogotá, Distrito Especial, Colombia",Frubana is a B2B platform of agri-products and packed goods for restaurants and small retailers in LatAm.,25000000,USD,25000000,Series A,"2,346",3,https://www.linkedin.com/company/frubana/,http://www.frubana.com,Fabian Gomez Gutierrez,$1M to $10M,-0.6,"Y Combinator, SoftBank, GGV Capital, Monashees, Tiger Global Management"
Private,Hypersonix,https://www.crunchbase.com/organization/hypersonix-inc,"Analytics, Artificial Intelligence, B2B, Business Intelligence, SaaS","San Jose, California, United States",Hypersonix is an AI-backed autonomous analytics platform created to help businesses better analyze consumer commerce data.,11500000,USD,11500000,Series A,"2,356",2,https://www.linkedin.com/company/hypersonix-ai,http://www.hypersonix.ai,Prem Kiran,,4.8,"Intel Capital, Gokul Rajaram, Firebolt Ventures, Happiness Ventures, Sherpalo Ventures"
Private,1sm,https://www.crunchbase.com/organization/1sm,"Analytics, B2B, Marketing, Sales, Software","New York, New York, United States",1sm is the Only Revenue Operations Analytics Platform,375000,USD,375000,Pre-Seed,"3,293",1,https://www.linkedin.com/company/1smHQ,https://1sm.io,"Chris Lonardo, James Weitzman, Jordan Josloff",,9.9,"Techstars, Jenny Fielding, Tim Geisenheimer, Josh Dunham, Michael Ruskin"
Private,GudangAda,https://www.crunchbase.com/organization/gudangada,"B2B, E-Commerce, Internet, Logistics, Marketplace, Supply Chain Management","Jakarta, Jakarta Raya, Indonesia",GudangAda is an online B2B marketplace for fast-moving consumer goods (FMCG).,25400000,USD,25400000,Series A,"3,798",2,https://www.linkedin.com/company/gudangada,https://www.gudangada.id/,Steven Sang,,-1.9,"Sequoia Capital India, Pavilion Capital, Wavemaker Partners, Alpha JWC Ventures"
Private,Emotive,https://www.crunchbase.com/organization/emotive-6026,"B2B, B2C, Marketing Automation, Natural Language Processing, SaaS","Los Angeles, California, United States","Emotive is a computer software company that provides SaaS, Mobile Marketing, NLP, machine learning, and B2B.",5500000,USD,5500000,Series A,"3,881",2,https://www.linkedin.com/company/emotiveio,https://emotive.io/,"Brian Zatulove, Zach Wise",,4.6,"Floodgate, TenOneTen Ventures, Mucker Capital, Brian Lee, Neil Young"
Private,Telio.vn,https://www.crunchbase.com/organization/telio-vn,"B2B, E-Commerce, Fast-Moving Consumer Goods, Retail, Retail Technology","Hanoi, NA - Vietnam, Vietnam",Telio is a business-to-business commerce platform that provides a range of products for groceries.,25000000,USD,25000000,Series A,"4,434",2,https://www.linkedin.com/company/telio-viet-nam/,https://www.telio.vn/,Sy Phong Bui,,0.7,"GGV Capital, Tiger Global Management, Sequoia Capital India, RTP Global, Surge"
Private,Greyparrot,https://www.crunchbase.com/organization/greyparrot-ai,"Artificial Intelligence, B2B, Computer Vision, Information Technology, Machine Learning, Recycling, Software, Waste Management","London, England, United Kingdom",AI-based computer vision solutions to power next generation robotics and smart systems for the waste management industry,2750000,GBP,3372350,Seed,"4,861",2,https://www.linkedin.com/company/19044235,https://greyparrot.ai,"Ambarish Mitra, Marco Paladini, Mikela Eskenazi, Nikola Sivacki",,8.6,"Creative Destruction Lab, Speedinvest, Force Over Mass Capital"
Private,Sary,https://www.crunchbase.com/organization/sary,"B2B, E-Commerce, Internet, Marketplace, Procurement, Wholesale","Dammam, Ash Sharqiyah, Saudi Arabia",Sary is a B2B marketplace that connects small businesses with suppliers seamlessly.,6600000,USD,6600000,Series A,"5,339",4,https://www.linkedin.com/company/saryapp/,https://www.sary.com,"Khaled Alsiari, Mohammed Aldossary",,-1.2,"MSA Capital, Raed Ventures, Musaab Hakami, Derayah Capital"
Private,Symbl.ai,https://www.crunchbase.com/organization/rammer-ai,"Artificial Intelligence, B2B, Developer APIs, SaaS","Seattle, Washington, United States","Rammer.ai is an early-stage, venture-backed startup that is democratizing access to conversational intelligence for developers.",1800000,USD,1800000,Seed,"6,076",1,https://www.linkedin.com/company/symblai/,https://symbl.ai,"Surbhi Rathore, Toshish Jawale",Less than $1M,6.5,"Techstars, Revel Partners, Flying Fish Partners, Techstars Seattle Accelerator, Nirav Desai"
Private,NextRetreat,https://www.crunchbase.com/organization/wolfhouse,"B2B, Business Travel, Hospitality, Travel, Travel Accommodations, Wellness","London, England, United Kingdom","Travel Booking site, designed for teams.",600000,USD,600000,Seed,"6,163",1,https://www.linkedin.com/company/nextretreat,https://NextRetreat.com,Martin Studencan,,9.9,Vision Ventures
Private,Upflow,https://www.crunchbase.com/organization/upflow,"B2B, Billing, E-Commerce Platforms, Financial Services, FinTech, Payments, SaaS","Paris, Ile-de-France, France",Upflow is a technology company building a payment platform for B2B businesses.,,,,Seed,"6,369",4,https://www.linkedin.com/company/upflowhq/,https://www.upflow.io,"Alexandre Louisy, Barnaby Malet, Thibaud Elziere",Less than $1M,-1.3,"Y Combinator, eFounders, Kima Ventures, AltaIR Capital"
Private,XCLAIM,https://www.crunchbase.com/organization/xclaim,"B2B, Enterprise, Financial Exchanges, Financial Services, FinTech, Legal Tech","Los Angeles, California, United States",XCLAIM revolutionizes the bankruptcy claims market by introducing digital efficiencies of scale.,4000000,USD,4000000,Seed,"7,815",2,https://www.linkedin.com/company/xclaiminc,http://www.x-claim.com,Matthew Sedigh,Less than $1M,-0.5,"First Round Capital, Luma Launch, Freestyle Capital, PLG Ventures, Friends and Family"
Private,Vivun Inc,https://www.crunchbase.com/organization/vivun-inc,"Artificial Intelligence, B2B, CRM, Enterprise Software, Information Technology, Internet, Machine Learning, SaaS, Software","Oakland, California, United States","Vivun has created the world's first software for presales, designed to transform how B2B technology companies go to market.",3000000,USD,3000000,Seed,"7,946",1,https://www.linkedin.com/company/vivun/,https://www.vivun.com,"Claire Bruce, Dominique Darrow, John Bruce, Joseph Miller, Matthew Darrow",Less than $1M,1.5,"Unusual Ventures, Firebolt Ventures"
Private,Libeo,https://www.crunchbase.com/organization/libeo-bb61,"B2B, Billing, Financial Services, FinTech, Payments, SaaS","Paris, Ile-de-France, France",Libeo is on a mission to simplify processing and payment of account payables for SMEs.,4000000,EUR,4342487,Venture - Series Unknown,"8,299",2,https://www.linkedin.com/company/12627004/,https://www.libeo.io,"Jeremy Attuil, Pierre Dutaret, Pierre-Antoine Glandier",,-3.4,"LocalGlobe, Breega"
Private,Spekit,https://www.crunchbase.com/organization/spekit-inc,"B2B, Big Data, Corporate Training, CRM, Enterprise Software, Knowledge Management, SaaS, Software, Training","Denver, Colorado, United States","Spekit helps employees learn their tools and navigate process changes by accessing answers and resources in real-time, everywhere they work.",,,,Seed,"8,593",3,https://www.linkedin.com/company/spekit/,https://spekit.co,"Melanie Fellay, Zari Zahra",$10M to $50M,-0.1,"Operator Collective, Bonfire Ventures, Matchstick Ventures, Dan Scheinman"
Private,MaxAB,https://www.crunchbase.com/organization/maxab,"B2B, E-Commerce, Internet, Marketplace","Cairo, Al Qahirah, Egypt",MaxAB is a B2B e-commerce marketplace that connects food and grocery retailers to suppliers.,6200000,USD,6200000,Seed,"8,648",3,https://www.linkedin.com/company/maxab/,https://www.maxab.io/,"Belal EL-Megharbel, Mohamed Ben Halim",,0.4,"500 Startups, BECO Capital, Endure Capital, Outlierz Ventures, 4DX Ventures"
Private,OpenPhone,https://www.crunchbase.com/organization/openphone,"B2B, SaaS, Software, Telecommunications","San Francisco, California, United States",Phone app for businesses and professionals,2000000,USD,2000000,Seed,"8,725",2,https://www.linkedin.com/company/openphone/,https://www.openphone.co/,"Daryna Kulya, Mahyar Raissi",Less than $1M,-0.3,"Y Combinator, Slow Ventures, Garage Capital, Kindred Ventures, 122WEST VENTURES"
Private,Bloobirds,https://www.crunchbase.com/organization/bloobirds,"B2B, Business Development, SaaS, Sales, Sales Automation, Software","Barcelona, Catalonia, Spain",Bloobirds offers an all-in-one outbound management sales platform.,3000000,EUR,3270503,Series A,"9,148",2,https://www.linkedin.com/company/bloobirds/,http://www.bloobirds.com,"Javier Darriba, Toni Cáliz, Toni Perez Navarro",,6.2,"K Fund, Encomenda VC, PROfounders Capital, Jan Brickman"
Private,Chiper,https://www.crunchbase.com/organization/chiper,"B2B, E-Commerce, Retail, Retail Technology","Cundinamarca, Distrito Especial, Colombia",We are a platform that enables corner stores  in Latin America to grow and thrive.,2030000,USD,2030000,Series A,"9,919",2,https://www.linkedin.com/company/chipersas,https://chiper.co/,Jose Bonilla,,3.8,"Monashees, GE32 Capital"
Private,Spiral,https://www.crunchbase.com/organization/spiral-technologies,"Artificial Intelligence, B2B, Customer Service, Machine Learning, SaaS, Software","Seattle, Washington, United States",Spiral is a software company which is focused on building solutions for scanning customer feedback using AI.,2400000,USD,2400000,Seed,"10,360",3,https://www.linkedin.com/company/usespiral/,https://www.spiralup.co,"Andrew DiLosa, Elena Zhizhimontova",Less than $1M,1,"Alumni Ventures Group, Techstars, Amazon Alexa Fund, Bezos Expeditions, Kevin Mahaffey"
Private,AInnovation,https://www.crunchbase.com/organization/ainnovation,"Artificial Intelligence, B2B, Information Technology, Machine Learning, Software","Haidian, Beijing, China",AInnovation owns and operates a company that offers products and services based on artificial intelligence to different companies.,400000000,CNY,57229518,Series B,"10,363",3,,https://www.ainnovation.com/,"Faen Zhang, Hocking Xu",$50M to $100M,-0.2,"SAIF Partners, Sinovation Ventures, Chengwei Capital, CreditEase Fintech Investment Fund, CICC Alpha"
Private,Qualified.com,https://www.crunchbase.com/organization/qualified-com,"B2B, CRM, Marketing, Marketing Automation, Sales, Sales Automation","San Francisco, California, United States",Qualified.com is a B2B marketer that allows buyers and sales reps to connect through real-time website conversations.,12000000,USD,12000000,Series A,"10,465",2,https://www.linkedin.com/company/qualified-com/about/,https://www.qualified.com,"Bing Yang, Gopal Patel, Kraig Swensrud, Sean Whiteley, Thani Suchoknand",Less than $1M,2.7,"Salesforce Ventures, Redpoint, Norwest Venture Partners"
Private,Moov,https://www.crunchbase.com/organization/moov-technologies-inc,"B2B, Information Technology, Software","San Francisco, California, United States",Moov is a software platform for buying and selling preowned manufacturing equipment.,2400000,USD,2400000,Seed,"10,910",2,https://www.linkedin.com/company/moov-technologies-inc,https://www.moov.co,"Maxam Yeung, Steven Zhou",Less than $1M,1,"NFX, Decent Capital, Great Oaks Venture Capital, Darco Capital"
Private,TapRm,https://www.crunchbase.com/organization/taprm,"B2B, B2C, Courier Service, E-Commerce, Food and Beverage, Last Mile Transportation, Logistics, Retail, Wine And Spirits","Brooklyn, New York, United States",Beer E-Commerce and Distribution,1500000,USD,1500000,Seed,"11,145",3,https://www.linkedin.com/company/33253251,https://taprm.com,Jason Sherman,,-0.3,"Branded Strategic Hospitality, VU Venture Partners, Branded Hospitality Ventures, The Broe Group"
Private,Datch,https://www.crunchbase.com/organization/datch,"Asset Management, B2B, Enterprise Resource Planning (ERP), Enterprise Software, SaaS","San Francisco, California, United States",Datch operates as an intelligent voice interface for industrial environments.,3200000,USD,3200000,Seed,"11,153",4,https://www.linkedin.com/company/datch/,https://www.datch.io,Mark Fosdike,,7.6,"Acceleprise, Plug and Play, Blue Bear Capital, Stage Venture Partners, Predictive Venture Partners"
Private,Kronologic,https://www.crunchbase.com/organization/kronologic,"B2B, Business Development, Enterprise Software, Marketing Automation, Sales Automation, Scheduling","Austin, Texas, United States",Kronologic develops a calendar monetization platform that converts sales leads into meetings.,3500000,USD,3500000,Seed,"11,256",2,https://www.linkedin.com/company/28147199/admin/updates,https://www.kronologic.ai,"Aaron Bollinger, Ben Parker, Christopher Lee, Trey Allison",Less than $1M,6.5,"Next Coast Ventures, Silverton Partners, Geekdom Fund, Andrew Busey, Longview Partners"
Private,Convictional,https://www.crunchbase.com/organization/convictional,"B2B, E-Commerce, Software, Trading Platform","Waterloo, Ontario, Canada","Convictional is a B2B Trade Enablement Network. We enabled buyers to source, onboard, and integrate with their trading partners.",2200000,USD,2200000,Seed,"11,338",3,https://www.linkedin.com/company/convictional/,https://convictional.com,"Chris Grouchy, Roger Kirkness",,1.9,"Y Combinator, FundersClub, Lachy Groom, Tribe Capital, Garage Capital"
Private,AllVoices,https://www.crunchbase.com/organization/allvoices-6415,"Analytics, B2B, Human Resources, Information Technology, Small and Medium Businesses, Software","Santa Monica, California, United States","AllVoices is an anonymous reporting tool that enables anyone to report harassment, bias, & culture issues directly to company leadership. ",3000000,USD,3000000,Seed,"12,238",3,https://linkedin.com/company/allvoicesco,http://www.allvoices.co,Claire Schmidt,,2.4,"Spencer Rascoff, Greycroft, Halogen Ventures, VitalizeVC, Crosscut Ventures"
Private,RevOps,https://www.crunchbase.com/organization/revops,"B2B, Consulting, Information Technology, Marketing, Software","San Francisco, California, United States","RevOps, a CPQ company made for Software Businesses, helps Sales close deals faster with automation in the buying process.",1600000,USD,1600000,Seed,"12,710",1,https://www.linkedin.com/company/revops/,https://www.revops.io,"Adam Ballai, John Solis",,2.8,"Gradient Ventures, Caffeinated Capital"
Private,Reibus International,https://www.crunchbase.com/organization/reibus-international,"B2B, E-Commerce, Industrial, Marketplace, SaaS, Supply Chain Management","Atlanta, Georgia, United States",B2B Ecommerce Platform for the Industrial Metals Market,3250000,USD,3250000,Seed,"13,008",2,https://www.linkedin.com/company/reibus-international/,https://reibus.com,"David Bain, John Armstrong",$1M to $10M,1.6,"Initialized Capital, Bowery Capital, Stage 2 Capital"
Private,Back Office,https://www.crunchbase.com/organization/back-office-co,"Accounting, B2B, Consulting, FinTech, Information Technology, Software","West Palm Beach, Florida, United States",Back Office is a technology-based company that helps small businesses by automating their bookkeeping and accounting.,,,,Seed,"13,124",3,https://www.linkedin.com/company/back-office.co/,http://www.backoffice.co,"Edwin Mejia, Felix Rodriguez, Glennys Rodriguez",$10M to $50M,-0.7,"500 Startups, Plug and Play, Active Capital, 500 Fintech"
Private,Unbox Robotics,https://www.crunchbase.com/organization/unboxrobotics-labs,"Artificial Intelligence, B2B, Industrial Automation, Internet of Things, Logistics, Machine Learning, Robotics, Supply Chain Management","Bangalore, Karnataka, India","Unbox Robotics builds on-demand AI-driven warehouse robotics solutions, which can be deployed using limited foot-print, time, and capital.",550000,USD,550000,Seed,"13,430",2,https://www.linkedin.com/company/unboxrobotics/,https://unboxrobotics.com/,"Pramod Ghadge, Shahid Memon",,-2.8,"Entrepreneur First, HAX, SOSV, Arali Ventures, CIIE | Centre for Innovation Incubation and Entrepreneurship"
Private,Orderchamp,https://www.crunchbase.com/organization/orderchamp,"B2B, E-Commerce, E-Commerce Platforms, Marketplace, PaaS","Amsterdam, Noord-Holland, The Netherlands","Wholesale, Marketplace,  Ecommerce, Retail",3000000,EUR,3314924,Seed,"13,619",1,https://www.linkedin.com/company/orderchamp,https://www.orderchamp.com,"Dennis Cuijpers, Joost Brugmans, Max Verduyn, Ruud Stelder",,-0.1,henQ
Private,Tajir,https://www.crunchbase.com/organization/tajir,"B2B, E-Commerce, Marketplace, Retail","Lahore, Punjab, Pakistan",Tajir is a B2B marketplace for mom and pop stores.,1800000,USD,1800000,Seed,"13,633",2,https://www.linkedin.com/company/tajir-app/,https://www.tajir-app.com/,"Babar Khan, Ismail Khan",,4.7,"Y Combinator, VentureSouq, Pioneer Fund, Golden Gate, Matt Caspari"
Private,ApexQubit,https://www.crunchbase.com/organization/apexqubit,"Artificial Intelligence, B2B, Biotechnology, Information Technology, Life Science, Machine Learning, Quantum Computing, Therapeutics","Berkeley, California, United States",ApexQubit is a biotechnology company that is harnessing frontier technologies for discovery of new medicines and better health for humanity.,220000,USD,220000,Non-equity Assistance,"14,182",5,https://www.linkedin.com/company/apexqubit/,https://www.apexqubit.com/,"Denis Farnosov, Nihil Khaine",,-2.2,"HealthInc, Nvidia Inception, Overkill Ventures"
Private,Datarade,https://www.crunchbase.com/organization/datarade,"B2B, Big Data, Information Technology, SaaS, Software","Berlin, Berlin, Germany","Datarade helps data-driven companies find, compare, and choose the right commercial data products.",1000000,EUR,1100515,Seed,"14,448",3,https://www.linkedin.com/company/datarade,https://datarade.ai,Thani Shamsi,,2.7,"Techstars, High-Tech Grunderfonds, Hasso Plattner Institute"
Private,Fundraise Up,https://www.crunchbase.com/organization/fundraise-up,"B2B, E-Commerce, Enterprise Software, FinTech, Non Profit, Payments, Social Impact","New York, New York, United States",Engineered for serious online fundraising.,1250000,USD,1250000,Seed,"14,791",4,https://www.linkedin.com/company/fundraiseup/,https://fundraiseup.com,"Anton Isaykin, Peter Byrnes, Yuriy Smirnov",$1M to $10M,-0.1,Splash Capital
Private,Bazaar Technologies,https://www.crunchbase.com/organization/bazaar-technologies,"B2B, E-Commerce, Retail","Karachi, Sindh, Pakistan",Bazaar is an online marketplace that connects retailers directly with wholesalers and manufacturers.,1300000,USD,1300000,Pre-Seed,"14,986",1,https://www.linkedin.com/company/bazaartechnologies/,https://www.bazaar-tech.com/,"Hamza Jawaid, Saad Jangda",,9.9,"Indus Valley Capital, Alter Global"
Private,illumnus,https://www.crunchbase.com/organization/illumnus,"B2B, E-Learning, Education, SaaS, Software","Pune, Maharashtra, India","An innovative EdTech startup from IITB & BITS alumni, offering B2B SaaS-based collaborative LMS for Schools and Universities",100000,USD,100000,Seed,"16,238",3,https://www.linkedin.com/company/illumnus/,https://illumnus.com,Akash Deep Singhal,,6.9,23 High Networth Individuals (HNIs)
Private,Lexset,https://www.crunchbase.com/organization/lexset,"Artificial Intelligence, Augmented Reality, B2B, Computer Vision, Image Recognition, Robotics, Supply Chain Management","Brooklyn, New York, United States","LexSet, better data for better vision. Solving the training data problem for computer vision by simulating the world in 3D.",250000,USD,250000,Grant,"16,978",3,,https://www.lexset.ai/,"Azam Khan, Francis Bitonti, Leslie Karpas",Less than $1M,-0.8,"Verizon Communications, XRC Labs, Particle Accelerator Limited, Super Ventures, Gavon Renfroe"
Private,Kambr,https://www.crunchbase.com/organization/kambr,"Aerospace, B2B, Consulting, Media and Entertainment, Software, Travel","Amsterdam, Noord-Holland, The Netherlands","Raising airline revenue performance through Software, Consultancy and Content.",4000000,USD,4000000,Seed,"17,453",1,https://www.linkedin.com/company/kambr/,https://www.kambr.com/,"Chris Anthony, Jason Kelly, Martin Kaduc, Michael Peters",Less than $1M,-0.3,"GGV Capital, Global Founders Capital, Founder Collective, Studio VC, Silicon Badia"
Private,Casted,https://www.crunchbase.com/organization/casted,"B2B, Information Technology, Podcast, Software","Indianapolis, Indiana, United States",Casted is the first platform for B2B podcasting that helps B2B Podcasters and Content Marketers be more effective.,2500000,USD,2500000,Seed,"17,877",1,https://www.linkedin.com/company/gocasted/,https://casted.us/,"Adam Patarino, Lindsay Tjepkema, Zachary Ballenger",,-0.1,"Elevate Ventures, High Alpha, Tappan Hill Ventures"
Private,DesignerInc,https://www.crunchbase.com/organization/designerinc,"B2B, E-Commerce, Furniture, Interior Design, Lighting, Marketplace","Palo Alto, California, United States","A trade-only, B2B ecommerce marketplace for the interior design industry",100000,USD,100000,Pre-Seed,"17,941",3,https://www.linkedin.com/company/designer-inc.,https://www.designerinc.com,"Dorothee Gutierrez Fisher, Heather Gillette",Less than $1M,3.1,"Plug and Play, StartFast, Mauro Del Rio, Nasir Ali, Chuck Stormon"
Private,omniX labs,https://www.crunchbase.com/organization/omnix-labs,"Analytics, Artificial Intelligence, B2B, Image Recognition, Machine Learning, SaaS, Software","New York, New York, United States",Solving analytics for the physical world.,,,,Pre-Seed,"18,460",4,https://www.linkedin.com/company/omnixlabs/,http://www.omnixlabs.com,"Anoop Kanthan, Muthla Al-Sayer",,-0.1,"Techstars, Newark Venture Partners, IDEO, Techstars Dubai"
Private,Classplus,https://www.crunchbase.com/organization/xprep,"B2B, E-Learning, EdTech, Education, Mobile Apps","Noida, Uttar Pradesh, India",Classplus offers a mobile-first SaaS platform for 3000+ tutors to offer their curriculum and operations completely online.,9000000,USD,9000000,Series A,"18,744",7,https://www.linkedin.com/company/10177906/,https://classplusapp.com/,"Bhaswat Agarwal, Bikash Dash, Mukul Rustagi, Vatsal Rustagi",$1M to $10M,-0.8,"Blume Ventures, Omidyar Network, Sequoia Capital India, Lightspeed Venture Partners, RTP Global"
Private,Bliinx,https://www.crunchbase.com/organization/bliinx,"B2B, Business Intelligence, Enterprise, Enterprise Applications, Enterprise Software, Information Technology, Project Management, SaaS, Sales Automation, Software","Montréal, Quebec, Canada",Relationship Productivity for business professionals,1000000,CAD,713444,Pre-Seed,"18,892",2,https://www.linkedin.com/company/bliinx/about/,https://www.bliinx.com/,,,3.5,"500 Startups, AltaIR Capital, Panache Ventures"
Private,Nowaday,https://www.crunchbase.com/organization/nowaday,"B2B, Hotel, Information Services, Restaurants, Transportation, Travel, Travel Agency","New York, New York, United States",Nowaday is a operator of a vintage city tour service designed to make visitors experience the vintage era of the city.,3500000,USD,3500000,Seed,"19,729",1,https://www.linkedin.com/company/nowaday/,https://www.nowaday.com/,"Heather Stupi, Jaime Getto",,-0.5,"Greycroft, The Raine Group, Pritzker Group Venture Capital"
Private,Buymed,https://www.crunchbase.com/organization/buymed,"B2B, E-Commerce Platforms, Health Care, Medical, Pharmaceutical","Ho Chi Minh City, NA - Vietnam, Vietnam",Buymed is a B2B Healthcare and Personalcare Distribution Platform in Vietnam,2500000,USD,2500000,Seed,"20,514",2,https://www.linkedin.com/company/buymedsingapore/,https://thuocsi.vn,Hiep Nguyen,,-1.8,"Sequoia Capital India, Genesia Ventures, Cocoon Capital, Viet Capital Ventures"
Private,Vermeer,https://www.crunchbase.com/organization/vermeer-ff96,"B2B, Drone Management, Drones, Service Industry, Software","New York, New York, United States",AR enabled drone photo & video on demand,,,,Pre-Seed,"21,476",4,https://www.linkedin.com/company/vermeerapp/?viewAsMember=true,https://getvermeer.com,Brian Streem,$1M to $10M,0,"Techstars, SeedInvest, Valor Ventures, Shu Duan, James Han"
Private,Dreamdata.io,https://www.crunchbase.com/organization/dreamdata-io,"Analytics, B2B, Cloud Data Services, Data Integration, Data Visualization, Machine Learning, Predictive Analytics","Copenhagen, Hovedstaden, Denmark",Data driven decisions for B2B companies.  Adjust your channels and touchpoints to drive optimal growth for your business.,535000,USD,535000,Pre-Seed,"21,596",1,https://www.linkedin.com/company/dreamdata-io/,https://dreamdata.io,"Lars Grønnegaard, Ole Dallerup, Steffen Hedebrandt",,-0.2,"Seedcamp, PreSeed Ventures, David Helgason, Christian Jantzen, The Nordic Web Ventures"
Private,Undock,https://www.crunchbase.com/organization/undock,"B2B, Productivity Tools, Unified Communications","Brooklyn, New York, United States","Undock helps people instantly schedule, host and document meetings.",100000,USD,100000,Seed,"21,907",1,https://www.linkedin.com/company/undock/,http://undock.com/,,,6.6,Entrepreneurs Roundtable Accelerator
Private,BSAMPLY,https://www.crunchbase.com/organization/bsamply,"B2B, Data Integration, E-Commerce, Fashion, Operating Systems, SaaS, Sales Automation, Software, Textiles","Los Angeles, California, United States",BSAMPLY is a B2B Sales Platform designed to make sales processes easier and faster. From research to purchase.,100000,USD,100000,Seed,"23,458",3,https://www.linkedin.com/company/bsamply/,https://bsamply.com/,"Andrea Fiume, Federico Bianchi",Less than $1M,-3.9,"Riccardo Braglia, Andrea Fiume, Stefano Musso, M.A. M"
Private,ZTL Payment Solution,https://www.crunchbase.com/organization/ztl-payment-solution,"B2B, FinTech, Payments","Oslo, Oslo, Norway",ZTL Payment Solution is a B2B payment platform providing clients with customized payment solutions.,2450000,EUR,2655250,Seed,"23,590",7,https://www.linkedin.com/company/ztl-payment-solution/,https://ztlpay.io/,Andreas Bjerke,,-0.6,
Private,Approve.com,https://www.crunchbase.com/organization/approvedotcom,"B2B, Procurement, SaaS","Tel Aviv, Tel Aviv, Israel",Approve is a modern procurement platform helping businesses streamline purchasing workflows and vendor interactions.,5000000,USD,5000000,Seed,"24,096",3,https://www.linkedin.com/company/approvesoftware,https://www.approve.com,"Amit Mittelman, Bar Winkler, Shlomy Amsalem",,9,"Techstars, Aleph, Danny Leshem, Barclays Accelerator, Powered by Techstars - Tel Aviv, Yuval Ariav"
Private,Laserfocus,https://www.crunchbase.com/organization/laserfocus,"B2B, CRM, Sales, Sales Automation, Software","San Francisco, California, United States",Laserfocus helps streamline sales processes to help increase sales productivity.,,,,Seed,"25,634",2,https://www.linkedin.com/company/laserfocus,https://www.laserfocus.io/,"Daniel Dinh, Marc Höffl",,-0.6,"Y Combinator, AltaIR Capital"
Private,vencortex,https://www.crunchbase.com/organization/vencortex,"Artificial Intelligence, B2B, Enterprise Software, Machine Learning, PaaS, Predictive Analytics, SaaS, Software","Kassel, Hessen, Germany",Decision augmentation for the Intelligent Enterprise,625000,EUR,703212,Grant,"25,847",4,https://www.linkedin.com/company/vencortex,https://www.vencortex.io,"Adrian Calma, Dr. Domink Dellermann",,-0.3,"Hessenagentur, Wirtschafts- und Infrastrukturbank Hessen, Space3ac, Confidential ."
Private,Trimwire,https://www.crunchbase.com/organization/trimwire,"B2B, Financial Services, FinTech, Information Technology, SaaS","Mountain View, California, United States",Trimwire is a fintech platform that monitors spending and applies discounts to recurring expenses.,150000,USD,150000,Seed,"26,077",2,https://www.linkedin.com/company/trimwire,https://trimwire.com,"David Shi, Kevin Joo",,-0.4,Y Combinator
Private,Tangany,https://www.crunchbase.com/organization/tangany,"B2B, Blockchain, Cloud Infrastructure, Cryptocurrency, SaaS","Munich, Bayern, Germany",Tangany is a regulated European blockchain custody provider for companies (B2B SaaS).,,,,Seed,"26,620",2,https://www.linkedin.com/company/tangany,https://tangany.com,"Alexey Utin, Christopher Zapf, Hans Nickel, Martin Kreitmair",$1M to $10M,3.8,"High-Tech Grunderfonds, Philipp Treuner"
Private,yBANQ,https://www.crunchbase.com/organization/ybanq,"B2B, Financial Services, FinTech, Management Consulting","Bengaluru, Karnataka, India","YbanQ helps businesses grow by simplifying collections, managing payouts, and reconciliation.",150000,USD,150000,Seed,"26,648",1,https://www.linkedin.com/company/ybanq/,https://ybanq.com/,"Ahamed Shah, Ganesh Mallya",,0,Y Combinator
Private,SOTE,https://www.crunchbase.com/organization/sote,"B2B, Big Data, Freight Service, Logistics, SaaS, Software, Warehousing","San Francisco, California, United States",Sote is a digital customs clearing and freight forwarding company.,205000,USD,205000,Convertible Note,"26,738",3,https://www.linkedin.com/company/sotelogistics/,https://getsote.com/,"Felix Orwa, Meka Este-McDonald, Scott Yacko",Less than $1M,-0.3,"Acceleprise, Unshackled Ventures, Consonance Investment Managers, Sandy Kory, Liz Dunn & Dorion Carroll Adolco"
Private,SalesRight,https://www.crunchbase.com/organization/salesright,"B2B, Price Comparison, SaaS, Sales, Software","Halifax, Nova Scotia, Canada",SalesRight helps SaaS sales teams close deals faster through Interactive Live Quotes.,600000,USD,600000,Seed,"27,049",2,https://www.linkedin.com/company/salesright/,https://www.salesright.co,"Bill Wilson, Greg Toner, Taylor Bond",$1M to $10M,-1.9,"Concrete Ventures, Island Capital Partners"
Private,True-Tickets,https://www.crunchbase.com/organization/true-tickets,"B2B, Blockchain, Information Technology, PaaS, Ticketing","Boston, Massachusetts, United States","A secure contactless digital ticket delivery service that aims to make buying, selling and transferring live event tickets simple and safe.",975000,USD,975000,Pre-Seed,"28,479",4,https://www.linkedin.com/company/27226152/,https://www.true-tickets.com,"David Piskovich, Matt Zarracina, Steven Dobesh",Less than $1M,-0.5,
Private,Till Financial,https://www.crunchbase.com/organization/till-financial,"B2B, Financial Services, FinTech, Information Services","Boston, Massachusetts, United States",Till Financial is a developer of a digital financial platform intended to help kids monitor their spendings.,,,,Seed,"29,193",2,https://www.linkedin.com/company/tillfinancial/,https://www.tillfinancial.io/,Taylor Burton,,9.1,MassChallenge
Private,CorTexter,https://www.crunchbase.com/organization/cortexter,"Artificial Intelligence, B2B, Human Resources, Machine Learning, Natural Language Processing, Recruiting, SaaS, Software, Subscription Service","Rotterdam, Zuid-Holland, The Netherlands","B2B, SaaS, Talent Acquisition System, Subscription, HR Tech, Artificial Intelligence, Natural Language Processing",,EUR,,Seed,"30,377",4,https://www.linkedin.com/company/cortexter/,https://www.cortexter.com,"Erik Tromp, Miguel van Bodegom",,8.8,New Value Department
Private,Queue,https://www.crunchbase.com/organization/queue-gg,"B2B, Collaboration, Consumer, Internet","San Francisco, California, United States",Queue makes running an online business easy for creative professionals by letting them get feedback on their work in real time.,100000,USD,100000,Seed,"30,456",1,https://www.linkedin.com/company/queuegg/,https://queue.gg,"Jean-Philippe Gagnon, Masud Hossain",,2.4,Backend Capital
Private,GroCurv,https://www.crunchbase.com/organization/grocurv,"B2B, Consulting, Information Technology, Marketing, Small and Medium Businesses, Trading Platform","Gurgaon, Haryana, India",GroCurv is India's First B2B Services Procurement Platform.,,,,Seed,"30,617",2,https://www.linkedin.com/company/grocurv/,https://grocurv.com,"Venkatesh Rangachari, Vipul Gupta",,4.2,Unicorn Investments
Private,Flex Finance,https://www.crunchbase.com/organization/flex-finance,"B2B, Financial Services, FinTech, Mobile Payments","Lagos, Lagos, Nigeria",Simple expense management solution for businesses,80000,USD,80000,Grant,"30,943",2,,https://www.flexfinance.ai,,,4.9,"Catalyst Fund, Accion Venture Lab, The MasterCard Foundation"
Private,Eze,https://www.crunchbase.com/organization/eze,"B2B, Electronics, Software, Stock Exchanges","San Francisco, California, United States",Eze is a commodities exchange for electronics allowing buyers & sellers to trade in wholesale quantities with real-time market data.,150000,USD,150000,Pre-Seed,"32,748",1,https://www.linkedin.com/company/ezewholesale,https://www.ezewholesale.com/,"David Iya, Josh Nzewi",,-0.7,Y Combinator
Private,StoryBolt,https://www.crunchbase.com/organization/storybolt,"B2B, Marketplace","Chicago, Illinois, United States",The marketplace of storytellers for employee engagement solutions,350000,USD,350000,Seed,"33,172",1,https://www.linkedin.com/company/10355595/,https://storybolt.com/,"Babak Shahmansouri, Nassim Abdi",Less than $1M,5.4,"Elevate Ventures, Kamran Elahian"
Private,FOODZA,https://www.crunchbase.com/organization/foodza,"Agriculture, AgTech, B2B, Farmers Market, Farming, Food and Beverage, Supply Chain Management, Trading Platform","Moscow, Moscow City, Russian Federation",B2B platform that connects farmers directly with SME retailers and restaurants through its digital platform and supply chain solution,,,,Seed,"33,488",2,https://www.linkedin.com/company/foodza/,https://foodza.ru,Vladimir Kholyaznikov,Less than $1M,-0.2,"Mail.Ru Group, FJ Labs, Larix"
Private,iFarmer,https://www.crunchbase.com/organization/ifarmer,"AgTech, B2B, FinTech, Supply Chain Management","Dhaka, Dhaka, Bangladesh","iFarmer enables individuals and institutions to finance farming and earn a return, while also connecting farmers to the markets.",450000,USD,450000,Seed,"34,133",3,https://www.linkedin.com/company/ifarmerasia/,https://www.ifarmer.asia/,"Fahad Ifaz, Jamil Akbar",$1M to $10M,0.9,"Accelerating Asia, UNCDF"
Private,Glamera,https://www.crunchbase.com/organization/glamera,"B2B, B2C, Beauty, E-Commerce, E-Commerce Platforms, Fashion, Fitness, Mobile Apps","Riyadh, Ar Riyad, Saudi Arabia","Glamera, is the first mobile application, to book an appointment for health and beauty services, from more than 50 places in MENA.",250000,USD,250000,Seed,"36,044",1,https://www.linkedin.com/company/glameraeg/about/,https://glamera.com/home,"Mohamed Hegazy, Omar Ahmed",,-0.5,
Private,Neurobotx,https://www.crunchbase.com/organization/neurobotx,"Aerospace, Artificial Intelligence, Automotive, Autonomous Vehicles, B2B, Computer Vision, Geospatial, Machine Learning, Neuroscience","London, England, United Kingdom","NeurobotX is a combine state-of-the-art neuroscience, AI and robotics in order to create spatial intelligence for autonomous drones & cars.",10000,CHF,10072,Grant,"36,341",2,https://www.linkedin.com/company/neurobotx/,https://neurobotx.org,Diana Deca,,-0.2,Venture Kick
Private,Consorto,https://www.crunchbase.com/organization/consorto,"B2B, Commercial Real Estate, Marketplace, Real Estate, Real Estate Investment","Tallinn, Harjumaa, Estonia",Marketplace for European commercial real estate,25000,EUR,27811,Seed,"37,301",2,https://www.linkedin.com/company/13213392/,http://www.consorto.com,Philip Verzun,Less than $1M,-0.6,"Startup Wise Guys, Zenith Family Office"
Private,Auxbus,https://www.crunchbase.com/organization/podcraft,"Audio, B2B, Digital Media, Internet, Podcast","Asheville, North Carolina, United States",The fastest professional podcasts. No audio experience necessary.,92000,USD,92000,Pre-Seed,"37,968",3,https://www.linkedin.com/company/auxbus,https://auxbus.com,Dan Radin,,2.1,"Ideaship, Angel Capital Group, High Country Impact Fund, Marco Massini"
Private,Indivd Ai,https://www.crunchbase.com/organization/indivd-ai,"Artificial Intelligence, B2B, Enterprise Software, Human Resources, Internet of Things, Machine Learning, Retail Technology, SaaS","Sundsvall, Vasternorrlands Lan, Sweden",A patent-pending AI solution — The first solution in the world that can get a deep understanding of all store visitors.,300000,USD,300000,Seed,"38,684",1,https://www.linkedin.com/company/indivd/,http://www.indivd.com,,,-0.2,Martin Roos
Private,COCOTEL,https://www.crunchbase.com/organization/cocotel,"B2B, B2C, Hospitality, Hotel","Pasig, Rizal, Philippines",COCOTEL is a tech-hotel brand and aggregator of hotels located at getaway destinations in the Philippines and soon the entire Southeast Asia,20000,USD,20000,Seed,"38,878",2,,https://cocotel.com.ph/,"Daimler Villena, Rafael Jouwena, Reginald Go",,-0.2,IdeaSpace Foundation
Private,HANDSOME APP,https://www.crunchbase.com/organization/handsomeapp,"B2B, Beauty, Computer, Marketplace, Mobile Apps, Professional Networking","Austin, Texas, United States",Handsome App a career and education marketplace for the beauty industry.,131000,USD,131000,Pre-Seed,"39,442",3,https://www.linkedin.com/company/handsomeapp,https://www.handsomeapp.com/,"April Dominguez, Nikki Dominguez",,3.7,Sputnik ATX
Private,Nautix Technologies,https://www.crunchbase.com/organization/nautix-technologies,"B2B, Enterprise Software, Marine Transportation, SaaS","Copenhagen, Hovedstaden, Denmark",Nautix Technologies is building a game-changing B2B SaaS work management system for the Maritime industry.,150000,USD,150000,Pre-Seed,"39,826",2,https://www.linkedin.com/company/nautix-technologies,https://www.nautixtech.com,"Shantanu Mishra, Tarang Valecha, Vishwas Tomar",,-1,"Katapult Ocean, Next Logistics Accelerator"
Private,Sports Sonar,https://www.crunchbase.com/organization/sports-sonar,B2B,"San Antonio, Texas, United States",Sports Sonar is a sports-tech startup.,400000,USD,400000,Seed,"39,895",1,https://www.linkedin.com/company/sports-sonar/,https://sportssonar.com/,"Allan Matarrita, Nick Hayward",,2.1,
Private,Torpago,https://www.crunchbase.com/organization/torpago,"B2B, Employee Benefits, Financial Services, FinTech, Software","San Francisco, California, United States",Torpago is a financial technology company that provides corporate cards equipped with spend management software.,218500,USD,218500,Seed,"40,206",1,https://www.linkedin.com/company/40971191,http://www.torpago.com,Brent Jackson,,0.6,
Private,ToDesktop,https://www.crunchbase.com/organization/todesktop,"B2B, Computer, Desktop Apps, Software, Web Apps","Cork, Cork, Ireland",ToDesktop enables web businesses to convert their web app into a desktop app.,,,,Seed,"41,883",2,https://www.linkedin.com/company/todesktop/,https://www.todesktop.com,Dave Jeffery,,-1,Y Combinator
Private,Osano,https://www.crunchbase.com/organization/osano,"B2B, Privacy, SaaS","Austin, Texas, United States",Osano is an easy-to-use data privacy platform that instantly helps a website become compliant with laws such as GDPR and CCPA.,5400000,USD,5400000,Series A,"42,599",3,https://www.linkedin.com/company/osano,https://www.osano.com,"Arlo Gilbert, Scott Hertel",$50M to $100M,0.1,"Social Starts, Next Coast Ventures, LiveOak Venture Partners, Capital Factory, Rony Kahan"
Private,MorphL,https://www.crunchbase.com/organization/morphl,"Artificial Intelligence, B2B, E-Commerce, Machine Learning, Marketing Automation, Personalization, Retail Technology","Bucarest, Bucuresti, Romania",MorphL specializes in developing digital products and services by democratizing AI.,120000,USD,120000,Pre-Seed,"43,066",1,https://www.linkedin.com/company/morphl/,https://morphl.io,Ciprian Borodescu,,-0.1,"Techstars, Techstars Montreal AI Accelerator"
Private,Abaxto,https://www.crunchbase.com/organization/abaxto,"B2B, Brand Marketing, Business Intelligence, E-Commerce, E-Commerce Platforms, Information Technology, Marketing, SaaS, Sales Automation","San Juan, NA - Puerto Rico, Puerto Rico",Abaxto is a technological platform that specializes in helping the growth of small businesses.,40000,USD,40000,Grant,"43,213",3,https://www.linkedin.com/company/abaxto/,http://www.abaxto.com,"Beatrice Dellepiane, Emilio Navarro",,-2.7,"Start-Up Chile, Parallel18, Startup Peru"
Private,Doctorly,https://www.crunchbase.com/organization/doctorly,"B2B, B2C, Health Care, Medical, mHealth, Personal Health, SaaS","Berlin, Berlin, Germany","Doctorly is a digital-first, cloud powered, fully centralised, practice management platform for doctors.",,,,Convertible Note,"43,767",3,https://www.linkedin.com/company/doctorly/,http://www.doctorly.de,"Anna von Stackelberg, Archil Eristavi, Nicklas Teicke, Samir El-Alami",Less than $1M,4.1,"Seedcamp, Speedinvest, Target Global, Calm/Storm Ventures, Plug and Play"
Private,Gearflow,https://www.crunchbase.com/organization/gearflow,"B2B, Construction, E-Commerce, Internet, Marketplace","Chicago, Illinois, United States","We are a construction equipment and parts marketplace of dealers, OEMs, contractors, and parts suppliers improving job sites across America.",1600000,USD,1600000,Seed,"44,269",1,https://www.linkedin.com/company/gearflow-com,https://www.gearflow.com/,"Benjamin Preston, Luke Powers",,-0.4,"Chicago Early Growth Ventures (CEGV), Soren Oberg, Annabelle, Seth Lawry, Cindy Lawry"
Private,Ecomate,https://www.crunchbase.com/organization/ecomate,"B2B, Enterprise Software, Software, Sustainability","Milan, Lombardia, Italy",The ESG Rating platform for every company,140000,EUR,155320,Pre-Seed,"44,694",3,https://www.linkedin.com/company/ecomate,https://www.ecomate.eu,"Adelio Bollini, Alan Gallicchio, Alessandro Colosi, Emil von Abranyi, Marco Sarti, Maurizio Mesenzani, Silvia Paganoni, Vincenzo D'Abramo",Less than $1M,3.9,"Adelio Bollini, Vincenzo D'Abramo"
Private,Jamborow,https://www.crunchbase.com/organization/jamborow,"B2B, Blockchain, Financial Services","Liberia, Guanacaste, Costa Rica",Jamborow is a B2B AI and Bloackchain driven fintech platform focused on financial inclusion and grasroot empowerment.,400000,USD,400000,Seed,"45,437",1,https://uk.linkedin.com/company/jamborow-ltd,https://jamborow.com/,,,9.7,
Private,Picogrid,https://www.crunchbase.com/organization/picogrid,"B2B, Communications Infrastructure, Industrial, Satellite Communication","Livermore, California, United States",The connective tissue of the remote world,40000,USD,40000,Pre-Seed,"46,386",1,https://www.linkedin.com/company/picogrid,https://picogrid.io,Zane Mountcastle,,-0.1,
Private,Rockpapr,https://www.crunchbase.com/organization/rockpapr,"B2B, Business Intelligence, FinTech, Information Technology, Mobile Payments, Payments, Software, Subscription Service","New York, New York, United States",Rockpapr offers corporate payment sources and helps to set spend control limits to create virtual and physical credit cards.,250000,USD,250000,Seed,"46,435",1,https://www.linkedin.com/company/rockpapr/,https://www.rockpapr.com,Aaron Wiernik,,0.6,
Private,Via Delivery,https://www.crunchbase.com/organization/via-delivery,"B2B, E-Commerce, IT Infrastructure, Logistics, Retail","Claymont, Delaware, United States",A platform to make offline retail - pick points for e-commerce,60000,USD,60000,Pre-Seed,"46,445",2,https://www.linkedin.com/company/viadelivery/,https://via.delivery/,,,3.6,
Private,DogDrop,https://www.crunchbase.com/organization/dogdrop,"B2B, Pet, Service Industry","Los Angeles, California, United States",DogDrop is a science portfolio company and venture-backed start-up building the WeWork of dog care.,300000,USD,300000,Debt Financing,"48,227",1,https://www.linkedin.com/company/dogdrop/,https://www.dogdrop.co/,"Greer Wilk, Shaina Denny",,4.5,
Private,ComDocks,https://www.crunchbase.com/organization/comdocks,"B2B, Information Technology, Recruiting, Sales, Software","Hamburg, Hamburg, Germany","ComDocks is finally adding the human touch to digital B2B sales, by connecting suppliers with trusted Sales Freelancers worldwide.",75000,EUR,82880,Pre-Seed,"49,100",1,https://www.linkedin.com/company/comdocks/,https://comdocks.com/,Michael Zittermann,,-0.3,IFB Innovationsstarter
Private,Karbook,https://www.crunchbase.com/organization/karbook,"Automotive, B2B, CRM, SaaS","Puebla, Puebla, Mexico","A cloud-based management tool for auto repair shops, to potentialize their growth and customer relationships.",,,,Seed,"49,589",3,https://www.linkedin.com/company/18039680/admin/,https://karbook.com,"Aaron Koivunen, Adriana Carmona Beltran",,4,
Private,Alerzo,https://www.crunchbase.com/organization/alerzo,"B2B, E-Commerce, Internet, Logistics, Mobile Payments, Retail","Ibadan, Oyo, Nigeria",Alerzo digitizes Africa's informal retail supply chain,25000,USD,25000,Pre-Seed,"50,169",1,https://www.linkedin.com/company/10549237,http://www.alerzo.com,Adewale Opaleye,,3.7,The Baobab Network
Private,Kedeon,https://www.crunchbase.com/organization/kedeon,"B2B, Food Delivery, Information Technology, Internet of Things, Supply Chain Management","Riga, Riga, Latvia","Kedeon makes the food and grocery delivery more secure, transparent and trusted.",50000,EUR,55467,Grant,"51,049",2,https://www.linkedin.com/company/kedeon,https://kedeon.com/,"Kristaps Mikasenoks, Reinis Skorovs, Ronalds Sovas",,-0.5,Overkill Ventures
Private,TaxiONE,https://www.crunchbase.com/organization/taxione-82ab,"B2B, B2C, Information Technology, Taxi Service, Transportation, Travel","Sankt Petersburg, Saint Petersburg City, Russian Federation",TaxiOne is a taxi booking service that combines all taxi services in the world in one application.,700000,USD,700000,Seed,"51,962",2,https://www.linkedin.com/company/tax1one/,https://tax1one.com/,"Pavel Tsyganov, Sergey Alekseev",Less than $1M,-0.8,
Private,SAYM,https://www.crunchbase.com/organization/saym,"Apps, B2B, B2C, Human Resources, Mobile Apps, Software","Aachen, Nordrhein-Westfalen, Germany",The SAYM platform for swarm mobility defines the next generation of carpooling.,36000,EUR,38989,Grant,"53,070",2,https://www.linkedin.com/company/saym/,https://www.saym.io/,"Benjamin Dörries, Daniel Bogdoll, Philipp Uhl, Torben Flatemersch",,-0.1,"EXIST, Gründerstipendium.NRW"
Private,DocQ,https://www.crunchbase.com/organization/docq,"B2B, Consulting, Document Management, SaaS, Software","Pahoa, Hawaii, United States",DocQ is a SaaS contract lifecycle management. It auto-populates contract templates from any source.,58333,USD,58333,Venture - Series Unknown,"53,214",1,https://www.linkedin.com/company/docq-app,https://docq.app,"Anuj Sehgal, Jason Kadarusman",,8.5,"Boomtown Accelerators, Right Side Capital Management"
Private,RoboSelf,https://www.crunchbase.com/organization/roboself,B2B,"Bucharest, Bucuresti, Romania",Robotic Personal Assistants for Small and Medium Businesses,200000,EUR,222562,Seed,"53,539",1,http://linkedin.com/roboself,http://roboself.com,Răzvan Dinu,,1,"Early Game Ventures, Vlad Ionescu"
Private,Firstbase,https://www.crunchbase.com/organization/firstbasehq,"B2B, Virtual Workforce","New York, New York, United States",The physical OS for remote teams,,,,Pre-Seed,"53,582",3,https://www.linkedin.com/company/FirstbaseHQ,https://www.FirstbaseHQ.com,"Chris Herd, Trey Bastian",,3.1,"Acceleprise, Right Side Capital Management, Backend Capital"
Private,Eduro,https://www.crunchbase.com/organization/eduro-ai,"B2B, Industrial Automation, Internet, Internet of Things, Marketplace, Predictive Analytics, SaaS, Software","Toronto, Ontario, Canada",Eduro is building the digital infrastructure to connect manufacturing supply chains,25000,CAD,19020,Pre-Seed,"54,465",1,https://www.linkedin.com/company/eduro,https://www.eduro.ai,"Akshay Vishwakarma, Gibran Kichlu",,2.8,NEXT Canada
Private,Bijak,https://www.crunchbase.com/organization/bijak,"Agriculture, AgTech, Apps, B2B, Financial Services","Haryana, Haryana, India",Bijak is a developer of B2B platform for agricultural commodities positioned towards MSME buyers and sellers,12000000,USD,12000000,Series A,"54,916",2,https://in.linkedin.com/company/bijakapp,https://www.bijak.in/,"Daya Rai, Jitender Bedwal, Mahesh Jakhotia, Nikhil Tripathi, Nukul Upadhye",,-0.1,"Omidyar Network, RTP Global, Surge, Better Capital, Omnivore"
Private,beeBlum,https://www.crunchbase.com/organization/beeblum,"Apps, B2B, Collaboration, Intelligent Systems, Mobile Apps, Social, Social Network, Software","Wiesloch, Baden-Wurttemberg, Germany",Particularly simple and engaging digital information exchange for collaborative decision-making.,400000,EUR,439188,Pre-Seed,"55,689",1,https://www.linkedin.com/company/14793954/,https://www.beeblum.com,Sven Zech,,2.9,
Private,Cuvée Privée,https://www.crunchbase.com/organization/cuvée-privée,"B2B, B2C, E-Commerce, Gift, Wine And Spirits","Paris, Ile-de-France, France",Cuvée Privée allows wine lovers to adopt vines from exceptional French vineyards and get their own wine delivered straight to their door. ,1000000,EUR,1101082,Venture - Series Unknown,"56,952",1,https://www.linkedin.com/company/cuvee-privee/?originalSubdomain=fr,https://www.cuvee-privee.com/,"Aurélie Berthon, Marie Forget, Morgane Suquet",,-0.6,
Private,afi.to,https://www.crunchbase.com/organization/afi-to,"B2B, Communities, E-Commerce, Marketing, Mobile, PaaS","London, England, United Kingdom","Afi.to provides white-label solutions for client gamification, influence platform, affiliation platform, and online shopping club.",100000,USD,100000,Seed,"59,090",2,https://www.linkedin.com/company/afitosoftware/,https://afi.to,"Denis Kuchur, Szymon Bolczyk",,-0.1,Noorfund
Private,White Label Advisory,https://www.crunchbase.com/organization/white-label-advisory,"B2B, Consulting, Management Consulting, Procurement, Professional Services, Trading Platform","Hamburg, Hamburg, Germany",White Label Advisory is a B2B platform for procuring & billing of high-quality advisors.,500000,EUR,554535,Pre-Seed,"59,658",1,https://www.linkedin.com/company/whitelabeladvisory,https://www.whitelabeladvisory.de/,"Philipp Maier, Philipp Weber",,2.2,
Private,deephound,https://www.crunchbase.com/organization/deephound,"Artificial Intelligence, B2B, Big Data, Business Intelligence, InsurTech, Legal Tech","London, England, United Kingdom",The Augmented Intelligence Agency,35000,EUR,39266,Convertible Note,"59,698",2,https://www.linkedin.com/company/deephound,https://deephound.co,"Alessia Gianaroli, Marco Menichelli, Rosbeh Zakikhani",,6.6,
Private,Alyc,https://www.crunchbase.com/organization/alyc,"B2B, Commercial, Software","Tokyo, Tokyo, Japan","Alyc is focused on contextual, domain-specific, multi-modal voice systems.",3000000,USD,3000000,Debt Financing,"63,955",1,https://www.linkedin.com/company/alyc/,https://www.alyc.ai/,Fred Almeida,,7.7,
Private,Obviously AI,https://www.crunchbase.com/organization/obviously-ai,"Analytics, B2B, Business Intelligence, Machine Learning, SaaS","Berkeley, California, United States",We make predictive analytics tools for non-technical business analysts.,,,,Seed,"73,515",2,https://www.linkedin.com/company/obviously-ai,https://www.obviously.ai/,"Nirman Dave, Tapojit Debnath",,-0.9,"NVIDIA, Blume Ventures, Sequoia Capital India, Benhamou Global Ventures, Berkeley SkyDeck"
Private,MOLTEN,https://www.crunchbase.com/organization/molten,"B2B, Cloud Computing, Cloud Infrastructure, Cloud Storage, Digital Media, Intellectual Property, Internet, Marketplace, Media and Entertainment","Cambridge, Massachusetts, United States",Radically simplifying digital media operations globally,,,,Undisclosed,"83,331",2,https://www.linkedin.com/company/molten-inc,https://molten.co,,Less than $1M,3.3,"Steffen Naumann, Jack Dorsey, Valor Capital Group, Kevin Yorn"
Private,Buyfair Global,https://www.crunchbase.com/organization/buyfair-global,"B2B, E-Commerce, Marketplace","London, England, United Kingdom","The first B2B multi-lot, auction-based marketplace for overstock, sample and end-of-line product.",278850,GBP,358619,Equity Crowdfunding,"86,596",1,https://www.linkedin.com/company/19071222/admin/,https://buyfair.global,Dominic Speelman,,-0.5,Crowdcube
Private,"Tensor Tech CO., LTD.",https://www.crunchbase.com/organization/spherical-motion,B2B,"Taipei, T'ai-pei, Taiwan",Tensor Tech is a startup company that builds the world's tiniest satellite attitude control system with Spherical Motor Technology.,50000,USD,50000,Pre-Seed,"91,686",1,,http://sphericalmotion.com.tw/,,,0.1,
Private,Pristēm,https://www.crunchbase.com/organization/unwrinkly,"B2B, CleanTech, Consumer Electronics, E-Commerce, Fashion, Laundry and Dry-cleaning, Smart Home","New York, New York, United States",Reimagining laundry & dry cleaning services.,,,,Seed,"96,935",2,,https://www.getpristem.com,"Naren Inukoti, Rahul Sheth, Vishva Somaya",Less than $1M,1.6,"Alchemist Accelerator, Chris Sang, Monozukuri Ventures, Will Herman, Adam Sah"
Private,Present Works,https://www.crunchbase.com/organization/present-works,"Advertising, B2B, Marketing","Leeds, Leeds, United Kingdom",Present Works is a B2B digital marketing team that helps businesses find and engage their audiences.,100000,GBP,132045,Debt Financing,"97,475",1,,https://www.presentworks.co.uk/,,,0.7,NPIF - FW Capital Debt Finance
Private,Huangdou,https://www.crunchbase.com/organization/huangdou,"B2B, E-Commerce, Mobile","Beijing, Beijing, China",Huangdou is a B2B platform that integrates mobile phone manufacturers and suppliers to build a mobile phone e-commerce ecosystem.,70000000,CNY,9929218,Series A,"99,236",1,,http://www.ihdou.com/,,,4.1,Wonderland Investments
Private,Tjetak,https://www.crunchbase.com/organization/tjetak,"B2B, E-Commerce, Internet, Packaging Services","Jakarta Pusat, Jakarta Raya, Indonesia",Tjetak is a tech-based packaging platform helping businesses get the best packaging development & procurement.,,,,Series A,"99,523",3,https://www.linkedin.com/company/tjetak,https://www.tjetak.com/,"Anggara Pranaspati, Hasandi Patriawan, Raffisal Damanhuri",,0.6,
Private,Agrando,https://www.crunchbase.com/organization/agrando,"Agriculture, AgTech, B2B, Procurement","Munich, Bayern, Germany",Agrando is an agricultural B2B distribution platform.,,,,Seed,"100,715",1,https://www.linkedin.com/company/agrando,https://www.agrando.com,"Christian Schultz, Jonas Hueber, Jonathan Bernwieser, Moritz von Oertzen, Roger Schwarz",Less than $1M,0,"June Fund, Baltic Venture, JLR Star"
Private,Tocca,https://www.crunchbase.com/organization/tocca-e17a,"B2B, Event Management, Events, Internet, SaaS","San Francisco, California, United States",A virtual event solution focussed on demand generation for B2B companies that want to engage with prospects and customers.,,,,Pre-Seed,"107,442",2,https://www.linkedin.com/company/tocca-io/,https://tocca.io,"Stephane Paquet, Tommaso Trionfi",,1.6,Loyal VC
Private,Suridata.ai,https://www.crunchbase.com/organization/suridata-ai,"B2B, Big Data, Cyber Security, Information Technology, Machine Learning, Natural Language Processing, Privacy, Software","Tel Aviv, Tel Aviv, Israel",Suridata.ai specializes in helping organizations gain visibility and obtain control over their sensitive data,,,,Pre-Seed,"108,371",1,https://www.linkedin.com/company/suridataai,https://www.suridata.ai,,,1.1,
Private,Askation,https://www.crunchbase.com/organization/askation,"Artificial Intelligence, B2B, EdTech, Education, Information Technology, Internet, Software, Subscription Service","Bangalore, Karnataka, India",Askation is an AI-assisted grading system that assists teachers to correct student answer papers.,,,,Pre-Seed,"108,822",1,https://www.linkedin.com/company/askation,https://askation.co.in,,,4.9,
Private,Nonfig,https://www.crunchbase.com/organization/nonfig,"B2B, Software","Berlin, Berlin, Germany","Nonfig is ""Google Docs"" for Software Configurations",,,,Pre-Seed,"112,404",1,https://linkedin.com/company/nonfig,https://www.nonfig.com,"Hamza Waqas, Raj Kukreja",,9.1,
Private,Monadd,https://www.crunchbase.com/organization/monadd,"B2B, B2C, Software","London, England, United Kingdom",Update your address in one place and sync it accross your accounts,,,,Pre-Seed,"115,642",1,https://www.linkedin.com/company/19039284/admin/,https://www.monadd.io,"Jessica Mendoza, Yoni Svechinsky",,0.3,
Private,The Atlas,https://www.crunchbase.com/organization/the-atlas-marketplace-co,"B2B, Government, Internet, Private Social Networking, Software","San Diego, California, United States",The Atlas platform unlocks the $1.6T local government market...all without ever selling to cities.,,,,Pre-Seed,"115,950",1,https://www.linkedin.com/company/the-atlas-marketplace-co./,https://the-atlas.com/,"Elle Hempen, Ellory Monks, Shalini Vajjhala",,-0.2,500 Startups
Private,Klutch.ai,https://www.crunchbase.com/organization/klutch-ai,"B2B, Email, Productivity Tools, SaaS, Software","London, England, United Kingdom","SaaS solution for after-sales teams. Klutch puts critical client insights at your fingertips, saving time and boosting productivity.",,,,Pre-Seed,"118,591",1,https://www.linkedin.com/company/kluth-ai/?viewAsMember=true,https://www.klutch.ai,"Jonathan Riftin, Karim Gargum",,1.8,Antler
Private,CrediNord,https://www.crunchbase.com/organization/ltd,"B2B, Banking, Finance, Financial Services, FinTech","Helsinki, Southern Finland, Finland",Cloud Based SME & Micro-enterprise Lender,,,,Angel,"121,539",2,https://www.linkedin.com/company/credinord,https://www.credinord.com/,"Jan Forsbom, Jim Forsbom, Roope Lindroos",,3.1,
Private,Ninja Lender,https://www.crunchbase.com/organization/ninja-lender,"B2B, FinTech, Lending, Marketplace","Warsaw, Mazowieckie, Poland",Ninja Lender is a B2B marketplace for credit institutions to buy and sell rejected loans,,,,Seed,"125,890",2,https://www.linkedin.com/company/ninja-lender/,https://ninjalender.net,"Alexey Zinchenko, Dmitry Shurkayev, Valery Yurikov, Yaroslav Dubov, Yurii Fomin",,-0.6,Startup Wise Guys
Private,Singuli,https://www.crunchbase.com/organization/singuli,"Artificial Intelligence, B2B, Machine Learning, Retail Technology, SaaS","New York, New York, United States",Singuli is an optimization platform for modern retail for retailers who are hindered in managing merchandise-planning with spreadsheets.,,,,Pre-Seed,"131,693",1,https://www.linkedin.com/company/singuli/about/,https://singuli.co/,"Benjamin Kelly, Thierry Bertin-Mahieux",,-0.1,RevTech Ventures
Private,Inboarding,https://www.crunchbase.com/organization/inboarding,"Artificial Intelligence, B2B, Employee Benefits, Employment, Human Resources, Information Technology, SaaS, Software, Virtual Workforce","Dublin, Dublin, Ireland",A new way to create an inclusive workplace where everyone belongs,,,,Non-equity Assistance,"143,355",3,https://www.linkedin.com/company/inboarding,http://www.inboarding.co,"Fernanda Martins, Robson Mafra",,-0.1,"Huckletree Alpha Programme London, New Frontiers"
Private,coing (superC AI),https://www.crunchbase.com/organization/superco,"Artificial Intelligence, B2B, Brand Marketing, Communities, SaaS, Smart Cities, Software","Tel Aviv, Tel Aviv, Israel",co.ing is a white-label community engagement platform that provides economic and social values ​​combines the digital and physical world,,,,Pre-Seed,"149,372",1,https://www.linkedin.com/company/49129969,https://coing.co/,Adi Perry,,4.1,HIGHROAD
Private,Elixivity,https://www.crunchbase.com/organization/elixivity,"Artificial Intelligence, B2B, Enterprise Software, Machine Learning","London, England, United Kingdom",Driving Diversity & Inclusion With AI,,,,Pre-Seed,"150,387",1,https://www.linkedin.com/company/elixivity/?viewAsMember=true,https://elixivity.com,"Hassan Ahmadzadeh, Navid Tafreshi",,-0.7,
Private,"Bevov, Inc",https://www.crunchbase.com/organization/bevov-inc,"Artificial Intelligence, B2B, Data Mining, Human Resources, Pharmaceutical, Recruiting","San Francisco, California, United States",Bevov is an AI enabled recruiting technology connecting interview ready qualified candidates to BioPharma companies.,,,,Convertible Note,"152,372",2,https://www.linkedin.com/company/bevov,https://www.bevov.com/,Sandeep Purwar,,2.3,
Private,Octane11,https://www.crunchbase.com/organization/octane11,"B2B, Digital Marketing, Marketing Automation","New York, New York, United States",Multi-channel digital marketing platform for B2B,,,,Seed,"156,347",1,https://www.linkedin.com/company/14071912,http://www.octane11.com,"Dan Rosenberg, Jib Hunt",,-0.4,MathCapital
Private,Flipful,https://www.crunchbase.com/organization/flipful,"B2B, Finance, Financial Services, Human Resources","Riga, Riga, Latvia",Flipful is a simple solution that enables companies’ employees to receive their earned salary before payday.,,,,Pre-Seed,"156,459",1,https://www.linkedin.com/company/flipful/,https://flipful.eu/,Janis Putnins,,1.4,Startup Wise Guys
Private,Esquire'd,https://www.crunchbase.com/organization/esquire-d,"B2B, Legal, Legal Tech, Software","Los Angeles, California, United States",Legal Software and Marketplace for Lawyers,,,,Seed,"162,352",1,https://www.linkedin.com/company/28400316,http://www.getesquired.com,"Matthew Barhoma, Tom Tancredi",,8.7,
Private,PrivacyCloud,https://www.crunchbase.com/organization/privacycloud,"B2B, Information Services, Information Technology","Madrid, Madrid, Spain",PrivacyCloud is a startup working on data privacy between consumers and businesses.,,,,Seed,"163,093",1,https://www.linkedin.com/company/privacy-cloud/about/,https://privacycloud.com/en/,Sergio Maldonado,,0.1,"BBVA, La Sexta Opción"
Private,Octans,https://www.crunchbase.com/organization/octans,"Advertising, B2B, Banking, Financial Services, FinTech, Machine Learning","Barcelona, Catalonia, Spain",Octans is an open banking platform that allows banks and businesses to send products through our audience network based on behaviours.,,,,Pre-Seed,"178,090",1,https://www.linkedin.com/company/octansfinance,https://octans.finance,,,-0.1,UNIQ Ventures
Private,LeadZen,https://www.crunchbase.com/organization/leadzen,"B2B, B2C, Direct Marketing, Direct Sales, Marketing, Sales",,The Art of Buying via trusted personal networks,,,,Pre-Seed,"178,326",1,https://www.linkedin.com/company/getleadzen,https://www.getleadzen.com,Benjamin Scherer,,1,Founder Institute
Private,Aina Software,https://www.crunchbase.com/organization/aina-software-inc,"Advertising Platforms, Artificial Intelligence, B2B, B2C, Human Computer Interaction, Predictive Analytics, Software","Ottawa, Ontario, Canada",AINA software is a software research & development company focused on AI solutions in both B2C & B2B arenas.,,,,Pre-Seed,"181,483",1,https://www.linkedin.com/company/aina-software-inc/,https://www.aina.ai/about,"Faisal Jamal, Izza Masud, Sameer Salahudeen",,-0.4,
Private,GRANDUNO,https://www.crunchbase.com/organization/granduno,"B2B, B2C, Freelance, Information Technology, Small and Medium Businesses, Social Media Advertising, Social Media Marketing","Washington, District of Columbia, United States",GRANDUNO offers a hybrid social network and marketplace to restaurants and bars in the SME segment to attract and retain customers.,,,,Seed,"182,496",1,https://www.linkedin.com/company/granduno/,https://www.granduno.com,,,-0.5,
Private,Yoonop,https://www.crunchbase.com/organization/yoonop,"Agriculture, B2B, Supply Chain Management","Shenyang, Liaoning, China",Yoonop is a self-operated B2B supply chain platform for poultry and egg agriculture.,,,,Angel,"263,546",1,,http://www.yoonop.com,,,7.9,
Private,Nulisec,https://www.crunchbase.com/organization/nulisec,"B2B, E-Commerce, Information Technology, Retail Technology","Prague, Hlavni mesto Praha, Czech Republic",Nulisec enables European manufacturers to transform the way they market and sell to retailers globally,,,,Seed,"277,173",3,,https://nulisec.com,"Long Hai Do, Lukas Pham, Son Nguyen",,-0.5,Lighthouse Ventures
Private,TradEthiopia,https://www.crunchbase.com/organization/tradethiopia,B2B,"Addis Ababa, Adis Abeba, Ethiopia",Tradethiopia is an import/export and international trade connections company in Ethiopia.,,,,Non-equity Assistance,"692,351",1,,http://tradethiopia.com,,,-0.5,FastTrackTech
Private,Baihua Kouyu,https://www.crunchbase.com/organization/baihua-kouyu,"B2B, Education","Beijing, Beijing, China",Baihua Kouyu is a B2B English speaking education companyEducation,,,,Seed,"774,331",1,,,,,-0.9,Igen Fusion Capital
Private,TRACOM Training Command Career Academy,https://www.crunchbase.com/organization/tracom-training-command-career-academy,"B2B, EdTech, Education, Training","Dallas, Texas, United States",TRACOM is a skills-based technical and sales training company addressing the undersupply of credentialed professionals in the economy.,200000,USD,200000,Debt Financing,,1,https://www.linkedin.com/company/tracom-training-command-career-academy/,https://www.tracomtraining.com/,Marvin Key,Less than $1M,,
Private,Hey Monday,https://www.crunchbase.com/organization/hey-monday,"B2B, Human Resources, Internet, Real Estate","London, England, United Kingdom",We empower businesses to address the needs of every single employee.,400000,EUR,456416,Pre-Seed,,1,https://www.linkedin.com/company/hey-monday/,https://www.heymonday.ai/,Markus Urban,,,Kinzo
Private,Outline,https://www.crunchbase.com/organization/heyoutline,"B2B, Customer Service, Product Management, SaaS","San Francisco, California, United States",Outline is a customer engagement platform for Customer Success and Product teams.,,,,Pre-Seed,,1,https://www.linkedin.com/company/heyoutline/,http://www.heyoutline.com,"Josh Kuiros, Rachel Morelli",,,
Private,Unlocked,https://www.crunchbase.com/organization/unlocked-0a33,"B2B, E-Commerce, Enterprise Software, Marketplace, Real Estate","London, England, United Kingdom",Reviving unique urban and heritage spaces in London.,250000,GBP,312550,Pre-Seed,,1,https://www.linkedin.com/company/68340675/,http://www.unlocked.studio,,,,Hambro Perks Ltd.
