Organization Name,Organization Name URL,Industries,Description,Last Funding Amount,Last Funding Amount Currency,Last Funding Amount Currency (in USD),Last Funding Type,CB Rank (Company),Number of Funding Rounds,LinkedIn,Website,Founders,Estimated Revenue Range,Trend Score (90 Days),Top 5 Investors,Headquarters Location,Investment Stage
JOANY,https://www.crunchbase.com/organization/impact-health,"Health Care, Insurance, Internet, SaaS","Joany is your trusted healthcare concierge. We simplify buying and using health insurance, all year long.",13000000,USD,13000000,Series A,410,7,https://www.linkedin.com/company/joany/?originalSubdomain=in,https://Joany.com,"Christine Carrillo, Helen Lee",$1M to $10M,9.7,"Techstars, Precursor Ventures, Right Side Capital Management, Foundry Group, Wavemaker Partners","Los Angeles, California, United States",
Assembly,https://www.crunchbase.com/organization/assembly,"Apps, Collaboration, Crowdsourcing, Software, Web Design","Assembly is a web collaboration platform that enables users to develop apps, widgets, platforms, and APIs with the help of other users.",,,,Seed,"5,967",3,https://www.linkedin.com/company/assembly-inc,http://assemblymade.com,"Chris Lloyd, Dave Newman, Matthew Deiters",,7.6,"Y Combinator, Floodgate, BoxGroup, Union Square Ventures, Thrive Capital","San Francisco, California, United States",
Filament,https://www.crunchbase.com/organization/filamenthq,"Bitcoin, Blockchain, Hardware, Industrial, Internet of Things, Software",Filament builds blockchain hardware and& software solutions for enterprise and IoT.,15000000,USD,15000000,Series A,"6,356",8,https://www.linkedin.com/company/filament-networks/,https://filament.com,"Allison Clift-Jennings, Jeremie Miller, Sally Carson",Less than $1M,-0.6,"AngelList, Digital Currency Group, Techstars, Intel Capital, Verizon Ventures","Reno, Nevada, United States",
Nudge.ai,https://www.crunchbase.com/organization/nudge-2,"B2B, CRM, Sales, Sales Automation, Social CRM, Software",Nudge is a Modern Sales Platform that leverages relationship strength to help you find and keep your best customers.,6500000,CAD,4970448,Seed,"9,064",1,http://www.linkedin.com/company/nudgeai,https://nudge.ai,"Paul Teshima, Steven Woods",Less than $1M,-0.3,"OMERS Ventures, Jill Rowley, Neal Dempsey, Bradford Woloson","Toronto, Ontario, Canada",
Aiden,https://www.crunchbase.com/organization/aiden-2,"Analytics, Artificial Intelligence, Computer, Marketing, Marketing Automation, SaaS, Software",Aiden provides an AI analytics platform intended to assist marketers how to spend their budget efficiently.,1400000,EUR,1601801,Seed,"14,044",2,https://www.linkedin.com/company/aiden.ai/,http://aiden.ai/,"Marie Outtier, Pierre-Jean Camillieri",,-1,"Partech, Kima Ventures, Sophia Bendz, Pierre Valade, Nicolas Pinto","London, England, United Kingdom",
Wit.ai,https://www.crunchbase.com/organization/wit-ai,"Artificial Intelligence, Computer, Developer APIs, Machine Learning, Software",Wit.ai makes it easy for developers to build a Siri-like speech interface for their app or device.,3000000,USD,3000000,Seed,"14,491",2,http://www.linkedin.com/company/wit-ai,https://www.wit.ai/,"Alexandre Lebrun, Laurent Landowski, Willy Blandin",,2.9,"Y Combinator, Andreessen Horowitz, SV Angel, TenOneTen Ventures, New Enterprise Associates (NEA)","Palo Alto, California, United States",
Dashride,https://www.crunchbase.com/organization/dashride,"Public Transportation, Railroad, Software, Transportation","Dashride is an automated dispatching platform for taxi, limo, and rideshare fleets.",,,,Seed,"14,865",4,http://www.linkedin.com/company/dashride,,"Joseph Thibeault, Mags Magnoli, Nadav Ullman, Tom Bachant",Less than $1M,0,"Entrepreneurs Roundtable Accelerator, Loeb.nyc","New York, New York, United States",
SurchX,https://www.crunchbase.com/organization/surchx,"E-Commerce, FinTech, Payments, Retail Technology, Software",SurchX's credit card fee recovery solution helps merchants regain control of their margins.,3000000,USD,3000000,Seed,"16,810",1,https://www.linkedin.com/company/surchx/,https://www.surchx.com/,Robert Maynard,,-0.2,,"Phoenix, Arizona, United States",
CareSkore,https://www.crunchbase.com/organization/careskore,"Analytics, Big Data, Consulting, Health Care, Information Technology, mHealth, Mobile, Predictive Analytics, SaaS, Software",AI based Patient engagement 2.0,4300000,USD,4300000,Seed,"19,204",2,https://www.linkedin.com/company/care-skore,http://www.careskore.com,"Jas Grewal, Puneet Grewal",,-0.2,"Y Combinator, Liquid 2 Ventures, Rising Tide, Storm Ventures, Cota Capital","Mountain View, California, United States",
Connect,https://www.crunchbase.com/organization/connect-com,"Local, Messaging, Mobile, Social, Software",Connect is a location-powered messaging app that brings together friends from your phone and social media.,10300000,USD,10300000,Series A,"19,754",5,,http://www.connect.com,"Anima Sarah LaVoy, Caen Contee, Lilia Tamm, Ryan Allis",,0,"Marc Benioff, LAUNCH, Fosun RZ Capital, Jason Calacanis, Brad Feld","San Francisco, California, United States",
Locqum,https://www.crunchbase.com/organization/locqum,"Health Care, Information Technology, Software",Locqum is a developer of the medical recruitment portal intended to help healthcare professionals find jobs.,5000000,USD,5000000,Series A,"23,634",1,https://www.linkedin.com/company/locqum/,https://locqum.com,,,-0.4,,"Pocatello, Idaho, United States",
Neji,https://www.crunchbase.com/organization/neji,"Computer, Information Technology, Robotics, Software",Neji is a venture-backed software company that is simplifying the business adoption of distributed ledger technology.,1500000,USD,1500000,Seed,"23,815",2,https://www.linkedin.com/company/neji-inc/,https://www.neji.io,,,-0.5,,"San Francisco, California, United States",
Griddable,https://www.crunchbase.com/organization/griddable-io,"Analytics, Big Data, Cloud Data Services, Data Integration, Information Technology, SaaS, Software",Salesforce has closed its acquisition of Griddable,8000000,USD,8000000,Series A,"24,978",1,https://www.linkedin.com/company/griddable-io/,https://griddable.io,"Chavdar Botev, Rajeev Bharadhwaj",,-0.5,"Artiman Ventures, August Capital","San Jose, California, United States",
Eastwind Networks,https://www.crunchbase.com/organization/eastwind-breach-detection,"Cloud Computing, Enterprise, Fraud Detection, SaaS",Eastwind Breach Detection is cloud-based breach detection for government and enterprise organizations,6500000,USD,6500000,Seed,"25,869",1,https://www.linkedin.com/company/east-wind-networks,http://www.eastwindnetworks.com,Paul Kraus,Less than $1M,-0.1,"Service Provider Capital, Signal Peak Ventures, Cybersecurity Investments","Westford, Massachusetts, United States",
Recast.AI,https://www.crunchbase.com/organization/recast-ai,"Artificial Intelligence, Collaboration, Machine Learning, SaaS",Recast.AI offers a chatbot development platform.,1000000,EUR,1111145,Seed,"26,156",1,,https://recast.ai,"Jasmine Anteunis, Julien Blancher, Omer Biran, Patrick Joubert",,-0.2,Kima Ventures,"Paris, Ile-de-France, France",
DrumG Technologies,https://www.crunchbase.com/organization/drumg-financial-technologies,"Blockchain, Financial Services, FinTech, Information Technology, Software",Building and operating next generation enterprise distributed-ledger based applications for the global financial services industry,6500000,USD,6500000,Series A,"27,019",1,https://www.linkedin.com/company/drumg-technologies/,https://www.drumg.com/,Tim Grant,$1M to $10M,-0.8,ConsenSys,"New York, New York, United States",
Planwise,https://www.crunchbase.com/organization/planwise,"Finance, FinTech, Personal Finance, Real Estate, Software",Planwise vision is to create technology that people trust to help them make financial decisions and take control of their personal economy.,750000,USD,750000,Seed,"27,098",4,http://www.linkedin.com/company/planwise,http://www.planwise.com,Vincent Turner,,0.2,"REACH, Second Century Ventures","San Mateo, California, United States",
Talent Sonar,https://www.crunchbase.com/organization/talentsonar,"Human Resources, Recruiting, Software",TalentSonar Enables Blind Resume Review To Remove Unconscious Bias From Recruiting,430000,USD,430000,Series A,"27,278",2,https://www.linkedin.com/company/talent-sonar,https://www.talentsonar.com,"Alvin Loh, Hui Dai, Laura Mather",,2.6,"Kapor Capital, Plum Alley, Floodgate, Correlation Ventures, Ignition Partners","Seattle, Washington, United States",
Fieldbook,https://www.crunchbase.com/organization/fieldbook,"Database, Enterprise Software, SaaS","Create a database, as easily as a spreadsheet",2200000,USD,2200000,Seed,"28,611",2,,https://fieldbook.com,"Ben Bernard, Jason Crawford",,1.1,"Accomplice, Pear Ventures, John Collison, Eric Ries, Naval Ravikant","San Mateo, California, United States",
ClusterHQ,https://www.crunchbase.com/organization/hybridcluster,"Artificial Intelligence, Cloud Computing, Database, Enterprise Software, Private Cloud, SaaS, Software",Cluster HQ is a Saas service to make container virtualisation useful for database driven services.,12000000,USD,12000000,Series A,"28,881",6,http://www.linkedin.com/company/hybrid-logic-ltd.,https://clusterhq.com/,"Luke Marsden, Rob Haswell",,0.9,"Canaan Partners, Accel, DN Capital, Episode 1, Toivo Annus","Bristol, Bristol, City of, United Kingdom",
Squad,https://www.crunchbase.com/organization/squad-2,"Mobile, Software","Grab your squad, swipe on other squads, and hang out if you match!",1700000,USD,1700000,Seed,"28,924",1,https://www.linkedin.com/company/10228103?trk=prof-exp-company-name,http://getsquad.co/,Adam Liebman,,-1.1,"Lerer Hippeau, RiverPark Ventures, First Round Capital, Brainchild Holdings","New York, New York, United States",
Confirm.io (Acquired by Facebook),https://www.crunchbase.com/organization/confirm,"Computer, Identity Management, Internet, Software","Confirm.io makes authenticating a government issued ID easy, fast & secure.",4000000,USD,4000000,Seed,"29,373",1,https://www.linkedin.com/company/confirmio,http://www.confirm.io/,"Bob Geiman, Ralph Rodriguez, Walt Doyle",,0.7,"Rho Ventures, Zelkova Ventures, Cava Capital, Meyer Keith","Boston, Massachusetts, United States",
Neumob,https://www.crunchbase.com/organization/neumob,"Cloud Computing, Infrastructure, Mobile, Mobile Apps, Software","Neumob is the leader in reducing mobile app errors, speeding up app performance and boosting conversions.",8500000,USD,8500000,Series A,"30,068",2,https://www.linkedin.com/company/neumob,https://www.neumob.com,"Jeff Kim, Junho Choi",,-0.2,"Square, Accel, Plug and Play, Menlo Ventures, Shasta Ventures","Sunnyvale, California, United States",
Symbolic IO Corporation,https://www.crunchbase.com/organization/symbolic-io,"Data Storage, Software",Symbolic IO is the first computational defined storage solution solely focused on advanced computational algorithmic compute engine.,12750000,USD,12750000,Series A,"30,101",3,http://www.linkedin.com/company/symbolic-io,http://www.symbolicio.com,Brian Ignomirello,,2.7,,"Holmdel, New Jersey, United States",
Drone Complier,https://www.crunchbase.com/organization/drone-complier,"Aerospace, Autonomous Vehicles, Compliance, Drone Management, Drones, Enterprise Applications, Navigation, Robotics, Software",Drone Complier is an enterprise-grade sUAS Compliance/ Operations Management Solution enabling cost effective commercial drone programs,,,,Seed,"30,575",2,https://www.linkedin.com/company/drone-complier,https://www.dronecomplier.com/,"Brian Whiteside, Wayne Rochat",$1M to $10M,-0.4,"Portland Seed Fund, Toivo Annus, Alliance of Angels, Rogue Venture Partners","West Linn, Oregon, United States",
Artillery,https://www.crunchbase.com/organization/artillery,"Software, Video Games, Web Development",Artillery turns modern web browser into a gaming console using HTML5 technology.,,,,Series A,"33,077",2,https://www.linkedin.com/company/artillery-games-inc-,https://www.artillery.com,"Ankur Pansari, Ian Langworth, Mark Logan, Mark Logan",,-1.3,"General Catalyst, Tencent Holdings, Andreessen Horowitz, First Round Capital, Tuesday Capital","Palo Alto, California, United States",
IP Commerce,https://www.crunchbase.com/organization/ip-commerce,"Accounting, Cloud Computing, E-Commerce, Payments, SaaS, Small and Medium Businesses, Software",The IP Commerce platform automates complex and multi-party commerce related processes for small and medium sized businesses.,,,,Series A,"33,185",6,https://www.linkedin.com/company/ip-commerce,https://www.ipcommerce.com/,"Alfred Kahn IV, David S. Johnson",,-0.1,"Intel Capital, Venrock, Service Provider Capital, TTV Capital, Transaction Network Services (TNS)","Denver, Colorado, United States",
Nomiku,https://www.crunchbase.com/organization/nomiku,"Hardware, Software",Nomiku creates tools that enable everyone to cook the best food possible.,,,,Seed,"33,622",12,http://www.linkedin.com/company/nomiku,http://www.nomiku.com,"Abe Fetterman, Lisa Fetterman, Wipop Suppipat",Less than $1M,0,"Y Combinator, HAX, SOSV, Backstage Capital, Slow Ventures","San Francisco, California, United States",
OceanOps,https://www.crunchbase.com/organization/oceanops,"B2B, Logistics, SaaS, Shipping, Supply Chain Management, Transportation",OceanOps is a SaaS platform that enables its users to mitigate delays to their ocean freight through dynamic re-routing,105000,EUR,116926,Pre-Seed,"34,170",1,https://www.linkedin.com/company/20161442/,,Saif Khalaf,,3.8,,"Rotterdam, Zuid-Holland, The Netherlands",
Candor USA,https://www.crunchbase.com/organization/candor-insurance,Software,Candor Insurance is a private health care exchange established to democratize health insurance.,1300000,USD,1300000,Seed,"35,503",2,https://www.linkedin.com/company/22316959/,https://candor.insurance/,"Good John, Max Howell",Less than $1M,1.9,,"Savannah, Georgia, United States",
"Scaphold, Inc. (acquired by Amazon)",https://www.crunchbase.com/organization/scaphold-inc,"Developer APIs, Developer Tools, Mobile Apps, Software, Web Apps",Scaphold is the world's most powerful GraphQL as a service platform.,,,,Seed,"35,892",4,https://www.linkedin.com/company-beta/10780129/?pathWildcard=10780129,https://www.scaphold.io,"Michael Paris, Vincent Ning",,0.6,"Y Combinator, Zillionize Angel","San Francisco, California, United States",
Elevated Careers,https://www.crunchbase.com/organization/elevated-careers,"Computer, Human Resources, Recruiting, Software","Elevated Careers is the first ever all-in-one employee engagement, employment branding and hiring platform.",400000,USD,400000,Series A,"36,017",3,https://www.linkedin.com/company-beta/25007980/,http://www.elevatedcareers.com/,"Christopher Daniels, Steve Carter",Less than $1M,-0.1,"Florida Funders, DeepWork Capital, Florida Institute for the Commercialization of Public Research, Miami Innovation Fund","Boca Raton, Florida, United States",
Ziptask,https://www.crunchbase.com/organization/ziptask,"Consulting, Finance, FinTech, Outsourcing, Software",Ziptask is an online outsourcing services platform that employs project managers to execute the projects of consumers and SMEs.,,,,Seed,"36,183",3,http://www.linkedin.com/company/ziptask,http://www.ziptask.com,"Jeff Sherwood, Shawn Livermore",,2.5,"Techstars, Kima Ventures, Right Side Capital Management, Amplify.LA, Techstars Cloud","Anaheim, California, United States",
Augur,https://www.crunchbase.com/organization/augur,"Advertising, Analytics, Artificial Intelligence, SaaS",Augur provides ad-tech agencies with cross-device and cross-channel attribution analytics.,750000,USD,750000,Seed,"37,156",4,,http://augur.io,"Brandon Jimenez, Nawar Alsafar, Paul Foley, Roger Pincombe",,2.9,"Techstars, Right Side Capital Management, iGan Partners, Techstars Boulder Accelerator, Rho Canada Ventures","Denver, Colorado, United States",
Zen99,https://www.crunchbase.com/organization/zen99,"Human Resources, Software",Tax and insurance tools for independent contractors.,2500000,USD,2500000,Seed,"37,248",2,https://www.linkedin.com/showcase/quickbooks/,https://www.tryzen99.com/,"Tristan Zier, Yan Lhert",,4.6,"Y Combinator, SV Angel, Tuesday Capital, Collaborative Fund, Upside Partnership","San Francisco, California, United States",
RiseML,https://www.crunchbase.com/organization/riseml,"Artificial Intelligence, Internet, Machine Learning, Software",RiseML creates software to help machine learning teams scale their deep learning infrastructure.,910600,USD,910600,Seed,"38,300",1,https://www.linkedin.com/company/27059945/,https://riseml.com,"Elmar Haussmann, Henning Peters",,0,"Fly Ventures, Paua Ventures, Adam Wiggins, Andreas Ehn, Mathias Kutzner","Berlin, Berlin, Germany",
Circle.us,https://www.crunchbase.com/organization/circle-us,"Delivery, E-Commerce, Software, Trading Platform",Circle.us is a web-based system integrates with multiple selling channels and carriers to streamline the order shipping and fulfillment.,4000000,USD,4000000,Series A,"38,491",2,,https://circle.us/,Max Fu,Less than $1M,-0.6,"Capital Nuts Investment Management Ltd, RiverHill Fund, Zhejiang Huamei Holding","Newark, Delaware, United States",
Envelop VR,https://www.crunchbase.com/organization/envelop-vr,"B2B, Enterprise Software, Software, Virtual Reality","Envelop VR builds software that enables people to create, work and play in virtual reality.",5500000,USD,5500000,Series A,"38,902",2,https://www.linkedin.com/company/envelop-vr,http://www.envelopvr.com,Bob Berry,,0,"Madrona Venture Group, GV, Acequia Capital (Acecap), Howard Morgan, Alliance of Angels","Bellevue, Washington, United States",
ExpenseBot,https://www.crunchbase.com/organization/expensebot,"B2B, Enterprise Software, Finance, Financial Services, Software",Automatic Expense Reports Powered by Predictive Analytics and Machine Learning,250000,USD,250000,Seed,"40,448",6,http://www.linkedin.com/company/expensebot,https://expensebot.com,"Ed Buchholz, John Siladie",,0.1,"Techstars, Kima Ventures, Right Side Capital Management, JumpStart, Marc Bell Ventures","Cleveland, Ohio, United States",
FunnelWise,https://www.crunchbase.com/organization/funnelwise,"Analytics, Marketing Automation, Software",FunnelWise provides focus and depth of key funnel metrics to give sales and marketing a direct path to increase revenue and drive results.,7000000,USD,7000000,Series A,"40,516",1,https://www.linkedin.com/company/funnelwise,https://www.funnelwise.com/,Matt Ostanik,Less than $1M,-0.3,,"West Des Moines, Iowa, United States",
Reaction,https://www.crunchbase.com/organization/reaction,"Architecture, GreenTech, Manufacturing, Software",Reaction designs and manufactures hardware and software to (re)meet a basic human need: shelter.,9800000,USD,9800000,Series A,"40,527",7,http://www.linkedin.com/company/reaction-systems-inc.,http://www.reactioninc.com,Michael McDaniel,,0.7,"SanDisk, ff Venture Capital, Brendan Wallace, Rothenberg Ventures, Tom McInerney","Austin, Texas, United States",
Perfect Dashboard Inc.,https://www.crunchbase.com/organization/perfectdashboard,"B2B, Internet, SaaS, Software, Web Hosting",Perfect Dashboard is building a marketplace for $19B web-hosting industry bringing innovation to the long tail of website owners.,,,,Seed,"40,950",5,https://www.linkedin.com/company/perfectdashboard/,https://perfectdashboard.com/,"Aleksander Kuczek, Bartek Jazwinski, Piotr Moćko",,0,"Berkeley SkyDeck Fund, Cobin Angels, Experior Venture Fund, Ali Omar, Chris Burry","Berkeley, California, United States",
Complex Polygon,https://www.crunchbase.com/organization/complex-polygon,"Apps, Mobile Apps, Software","Complex Polygon is a product studio based in San Francisco, California.",1700000,USD,1700000,Seed,"42,296",1,,http://complexpolygon.com/,"Addison Hardy, Marwan Roushdy",,1.8,"Greylock, Khosla Ventures, SV Angel, Slow Ventures, First Round Capital","San Francisco, California, United States",
Bowery,https://www.crunchbase.com/organization/bowery,"Enterprise Software, Information Technology, Internet, Software, Virtualization",Bowery is an environment management system that helps you deploy what you code into production.,,,,Series A,"42,309",3,,http://bowery.io,"David Byrd, Steve Kaliski, Zachary Hamed",,-0.5,"GV, SV Angel, Boldstart Ventures, Bloomberg Beta, Dorm Room Fund","New York, New York, United States",
Dojo App,https://www.crunchbase.com/organization/dojo-app,"Media and Entertainment, Mobile Apps, Software",Dojo is a mobile app that helps in finding leisures in the area.,,,,Seed,"42,713",2,https://www.linkedin.com/company/dojoapp/about/,https://www.dojoapp.co/,,,-0.2,"Playfair Capital, JamJar Investments, London Co-Investment Fund, SAATCHiNVEST, Harry Briggs","London, England, United Kingdom",
GripeO,https://www.crunchbase.com/organization/gripeo,"Advertising, Customer Service, Lead Generation, Mobile, SaaS, Social Media Marketing",Submit your customer service issue with GripeO.,250000,USD,250000,Seed,"42,835",3,http://www.linkedin.com/company/2815189,https://www.gripeo.com,"Jim Proulx, Mark Taylor, Michael Klanac, Nicholas Campanile, Richard Panek, Steve Makula",,3.3,"Z80 Labs Technology Incubator, SeedSumo","Buffalo, New York, United States",
EasyRent,https://www.crunchbase.com/organization/easyrent-com,"FinTech, Property Insurance, Property Management, Real Estate, Rental Property, SaaS, Software","Easy to use SaaS Rental Property Software for Landlords, Owners, and Investors. Listings, Screening, Leases, and Accepting Rent Online.",,,,Seed,"43,148",2,https://www.linkedin.com/company/easyrent-com,https://easyrent.com,Ben Gabler,$1M to $10M,-0.6,,"Bloomington, Minnesota, United States",
Staffjoy,https://www.crunchbase.com/organization/staffjoy,"Artificial Intelligence, Consulting, Human Resources, Information Technology, SaaS, Scheduling, Small and Medium Businesses, Software",Staffjoy helps automate the process of scheduling shifts for businesses to help managers staff effectively.,1200000,USD,1200000,Seed,"43,262",3,https://www.linkedin.com/company/6612912,https://www.staffjoy.com/,"Andrew Hess, Philip I. Thomas",,-0.2,"Y Combinator, Haystack, Brainchild Holdings, Caffeinated Capital, E-Merge","San Francisco, California, United States",
Klarismo,https://www.crunchbase.com/organization/klarismo,"Analytics, Fitness, Health Care, Personal Health, Software, Wellness",Klarismo uses MRI technology to give you a new way to explore your physiology and understand your body composition in unprecedented detail.,245000,USD,245000,Seed,"43,586",3,https://www.linkedin.com/company/klarismo,http://www.klarismo.com/,"Jack Kreindler, Marcus Foster",$1M to $10M,-0.1,"Y Combinator, Khosla Ventures, Lowercase Capital, Wei Guo, David Lee","London, England, United Kingdom",
"SoluTech, Inc.",https://www.crunchbase.com/organization/solutech-inc,"Blockchain, Enterprise Software, Internet of Things, Software",SoluTech is innovating the power of peer to peer technologies to positively impact industries today.,1000000,USD,1000000,Seed,"44,136",1,https://www.linkedin.com/company/11266460/,,"Joseph Nicklas, Khashab Khashab, Mia Sumra, Nathan Pitruzzello, Samuel Opper",,-0.4,,"New Haven, Connecticut, United States",
Control Mobile,https://www.crunchbase.com/organization/control-mobile,"Apps, Big Data, Business Intelligence, E-Commerce, Financial Services, FinTech, Information Technology, Payments, SaaS, Software","Control Mobile offers payment analytics and alerts platform for SaaS, subscription, and commerce businesses.",1500000,CAD,1213725,Seed,"45,394",3,https://www.linkedin.com/company/control/,,Kathryn Loewen,,-0.2,"Vanedge Capital, Mastercard Start Path, BDC Capital Corporation, HIGHLINEvc","Vancouver, British Columbia, Canada",
Realine Technology,https://www.crunchbase.com/organization/realine-technology,"B2B, Logistics, Software",Realine Technology is an automation and communication platform for the logistics industry.,2450000,USD,2450000,Seed,"45,540",2,,http://wwww.realine.ai/,"Daniel Yunes, Lucas Kafarski",,3.6,"Autotech Ventures, Bojiang Capital, Tandem Capital","Burlingame, California, United States",
Metal Networks Inc.,https://www.crunchbase.com/organization/metal-networks,"Commercial, Industrial, Software",Metal Networks is the worldwide solution for buying and selling semi-finished industrial metal.,5000000,USD,5000000,Series A,"45,586",1,,http://metalnetworks.com,Jeremy Chapman,$1M to $10M,-0.2,S3 Ventures,"Austin, Texas, United States",
Eve,https://www.crunchbase.com/organization/eve,"Apps, Developer APIs, Developer Tools, iOS, Mobile Apps, Software","Eve provides easy access tools for non-programmers to develop computational programs, websites, databases, etc.",2300000,USD,2300000,Seed,"46,043",1,https://www.linkedin.com/company/witheve/,http://witheve.com/,Chris Granger,,2.7,"Sam Altman, Chris Dixon, Sep Kamvar","Headquarters, Idaho, United States",
Rithmio,https://www.crunchbase.com/organization/rithmio,"Embedded Software, Machine Learning, Software, Wearables",Rithmio is a gesture recognition company that provides motion recognition software for wearables and connected clothing.,3000000,USD,3000000,Seed,"46,435",3,http://www.linkedin.com/company/rithmio,http://rithmio.com/,"Adam Tilton, Prashant Mehta",,2.2,"Intel Capital, Hyde Park Angels (HPA), OCA Ventures, Hyde Park Venture Partners, Serra Ventures","Chicago, Illinois, United States",
Cnverg,https://www.crunchbase.com/organization/cnverg,"Collaboration, Data Visualization, Developer Tools, SaaS",Visual Planning + Strategy for Product Development Teams: a real-time whiteboard for GitHub and Trello.,,,,Seed,"47,299",5,https://www.linkedin.com/company/cnverg,http://Cnverg.com,"John Kirk, Richard Prieto",Less than $1M,-0.5,"Dreamit Ventures, Larry Bernstein, ic@3401","Wilmington, Delaware, United States",
"Staffly, Inc.",https://www.crunchbase.com/organization/staffly-inc,"Consulting, Mobile Devices, Recruiting, Software","Staffly instantly connects retailers with screened, insured, and trained Staffly™ Staffers through their mobile devices.",1250000,USD,1250000,Seed,"47,365",1,https://www.linkedin.com/company/4851264,http://staffly.com,"Bjorn Ovick, Marissa Ovick",,2.6,"AngelList, ff Venture Capital, LionBird, Three Fish Capital, WS Ventures Management","San Francisco, California, United States",
YesPath,https://www.crunchbase.com/organization/yespath,"Advertising, Marketing, SaaS, Software",YesPath is the Account Engagement Platform that helps sales teams reach and win big accounts.,1700000,USD,1700000,Seed,"47,854",1,https://www.linkedin.com/company/yespath,http://yespath.com,"Brian Zotter, Jason Garoutte",,2,"Wing Venture Capital, Bloomberg Beta, Storm Ventures","San Francisco, California, United States",
Arbré,https://www.crunchbase.com/organization/arbré-technologies-llc,"Agriculture, AgTech, Aquaculture, Cannabis, Farming, Flowers, GreenTech, Information Technology, SaaS, Software",Arbré is a Wisconsin-based tech startup that aims to revolutionize asset management for tree nurseries and other green asset companies.,600000,USD,600000,Seed,"48,972",2,https://www.linkedin.com/company/arbretech/,https://www.arbretech.com,"Benjamin Meyers, Matthieu Vollmer",Less than $1M,-0.3,"BrightStar Wisconsin Foundation, Winnebago Seed Fund","Stevens Point, Wisconsin, United States",
OUTRO,https://www.crunchbase.com/organization/outro,"B2B, Crowdsourcing, Enterprise Software, Internet, Lead Generation, Marketing Automation, SaaS, Sales Automation, Software",B2B SaaS Referral Automation Platform + Crowdsourced Introductions. Say goodbye to manually making & receiving referrals/introductions.,1000000,USD,1000000,Seed,"49,136",2,http://www.linkedin.com/company/getoutro,http://outro.com,"Bubba Page, Cache Merrill, David Oldham",,-0.6,"Techstars, Right Side Capital Management, Peterson Ventures, Kickstart, Techstars Boulder Accelerator","Salt Lake City, Utah, United States",
Credits,https://www.crunchbase.com/organization/credits,"B2B, Financial Services, FinTech, Software",Blockchain Platform-As-A-Service,386000,GBP,556827,Seed,"49,751",1,https://www.linkedin.com/company/creditsprotocol,http://credits.vision,"Eric Benz, Nick Williamson",$1M to $10M,-0.3,"BnkToTheFuture, Business Instincts Group","London, England, United Kingdom",
Immediately,https://www.crunchbase.com/organization/immediately,"Email, Marketing, SaaS",Helping salespeople spend more time selling,2000000,USD,2000000,Seed,"50,415",3,,http://www.immediatelyapp.com/,"Arjun Dev Arora, Branko Cerny, James Mock",,-0.4,"Kima Ventures, Streamlined Ventures, Unshackled Ventures, Marc Bell Ventures, Naval Ravikant","San Francisco, California, United States",
Distributed Masonry,https://www.crunchbase.com/organization/distributed-masonry,"Cloud Computing, Developer APIs, Information Technology, Software","Distributed Masonry designs, builds, and supports real-time data storage and streaming products.",500000,USD,500000,Seed,"50,896",1,,http://www.pyrostore.io,"Lucas Bradstreet, Michael Drogalis",,2.1,,"Seattle, Washington, United States",
Wondermento,https://www.crunchbase.com/organization/wondermento,"Hardware, Software, Wearables",Wondermento is a digital company that links to your physical world. We create apps that interact with lovingly made connected devices.,,,,Seed,"51,039",3,http://www.linkedin.com/company/wondermento,http://wonderwoof.com,Betsy Fore,,0.5,"Prosper Women Entrepreneurs, Valmiki Capital Management","Brooklyn, New York, United States",
"Dual Aperture International, Inc.",https://www.crunchbase.com/organization/dual-aperture-international-inc-,"3D Technology, Apps, Image Recognition, Sensor, Software",Smart sensor company using RGB-IR to improve picture quality and enable 3-D,1400000,USD,1400000,Series A,"51,689",2,,http://www.dual-aperture.com,"Andrew Wajs, Chong-Min Kyung, David D. Lee",,0.9,"SK Telecom, eWBM, Value Invest Korea (VIK)","Santa Clara, California, United States",
Scroll,https://www.crunchbase.com/organization/scroll-network,"Blockchain, Enterprise Software, Peer to Peer, SaaS, Software",Scroll aims to usher in a new world of data privacy through creation of decentralized tools that empower users.,1000000,USD,1000000,Seed,"51,938",3,https://www.linkedin.com/company/scrollnetwork/,https://www.scroll.network/,"Joseph Nicklas, Khashab Khashab, Mia Sumra, Nathan Pitruzzello, Samuel Opper",,-0.4,,"New Haven, Connecticut, United States",
Studio,https://www.crunchbase.com/organization/studio,"Apps, Internet, Social Media, Software",Studio is a social design platform that allows users to browse and remix designs from other users.,875000,USD,875000,Seed,"52,292",3,,http://madewithstudio.com,"Joe Wilson, Kevin Heap, Spencer Smith",Less than $1M,-0.5,"SV Angel, Kickstart, Tuesday Capital, Ashton Kutcher, Album VC","Provo, Utah, United States",
Instant API Inc.,https://www.crunchbase.com/organization/instant-api,"Cloud Computing, Developer APIs, Enterprise Software, Information Technology, Software","Instant API Easy offers an easy way to build, host, support, and sell API as a service platform from existing data, services, and code.",250000,USD,250000,Seed,"53,111",4,https://www.linkedin.com/company/instant-api,http://www.instantapi.com,"Mimi Ling, Scott Ling, Sunil Kunar",$1M to $10M,0,"Acceleprise, Tech Wildcatters, Imperious Group VC, Scott Ling, Mimi Ling","Lewes, Delaware, United States",
RootsRated,https://www.crunchbase.com/organization/rootsrated,"Apps, Big Data, Mobile, SaaS, Social Media","RootsRated is a media platform that connects users with the best outdoor experiences, hand- picked by local experts.",415000,USD,415000,Seed,"53,778",2,http://www.linkedin.com/company/rootsrated,https://rootsrated.media/,"Dawson Wheeler, Fynn Glover, Gordon Seabury, Mark McKnight",,2.8,"Chattanooga Renaissance Fund, Stephen Culp","Atlanta, Georgia, United States",
TreVia Digital Health,https://www.crunchbase.com/organization/trevia-digital-health,"Health Care, Software","TreVia is a health care company that provides cutting-edge technology solutions to the diabetes care industry,",1600000,USD,1600000,Seed,"53,970",2,https://www.linkedin.com/company/5902130,http://treviadigitalhealth.com,"David Dyer, David Hulshof, James Higgins",,0,,"Overland Park, Kansas, United States",
Link Big,https://www.crunchbase.com/organization/link-big,"B2B, Cloud Computing, Cloud Data Services, FinTech, Information Services, InsurTech, Machine Learning, Retail Technology, Social Media Marketing, Travel",Link Big is a smart link that finally transform general mobile web links to personal user experience links.,125000,GBP,168420,Seed,"54,379",3,https://www.linkedin.com/company/link-big-ltd.,http://www.link-big.com/,"Nadav Raviv, Yinon Werner",,0,"Ignite Accelerator, L Marks, John Lewis & Partners, Stuart Marks, SIRIUS Program","Birmingham, Birmingham, United Kingdom",
Signet Accel,https://www.crunchbase.com/organization/signet-accel,"Health Diagnostics, Information Services, Information Technology, Software",To serving the healthcare industry.,8000000,USD,8000000,Series A,"54,659",1,https://www.linkedin.com/company/10091267/,http://signetaccel.com/,Philip Payne,,2.1,Edison Partners,"Columbus, Ohio, United States",
Tyche,https://www.crunchbase.com/organization/tyche,"Information Technology, InsurTech, Legal, Software",Tyche discovers new information to help insurers make smart decisions about the risks they insure.,40000,USD,40000,Seed,"54,697",2,https://www.linkedin.com/company/tyche-risk,http://www.tycherisk.co,"Adam Cassady, David DeAngelis",Less than $1M,-0.1,"Alchemist Accelerator, Global Insurance Accelerator","New York, New York, United States",
Marketfox,https://www.crunchbase.com/organization/marketfox,"Analytics, Email Marketing, Internet, Marketing Automation, Social Media, Software",Marketfox is a Marketing Automation software that simplify Marketing with AI. ,120000,USD,120000,Seed,"54,712",1,https://www.linkedin.com/company-beta/17934567,https://www.marketfox.io,"Mohammed Aboobacker, Sojan V Jose, Sony Mathew, Sooraj Chandran",$1M to $10M,2.9,Y Combinator,"Walnut, California, United States",
"Rezli, Inc.",https://www.crunchbase.com/organization/iron-gaming,"Career Planning, Gaming, Internet, Social Network, Software",Rezli is a social networking and career building platform that empowers creative technologists to turn their passion into a career.,1442000,USD,1442000,Series A,"55,194",4,https://www.linkedin.com/company/iron-gaming-inc,https://www.rezli.com/,Cory Allison,,-0.2,"The JumpFund, Solidus Company, Chattanooga Renaissance Fund, Blank Slate Ventures","Chattanooga, Tennessee, United States",
Glassbreakers,https://www.crunchbase.com/organization/glassbreakers-co,"Enterprise Software, Internet, Software",Glassbreakers is an enterprise software company that provides inclusive talent development software solutions for diversity and inclusion.,,,,Seed,"55,792",3,https://www.linkedin.com/company/glassbreakers,http://www.glassbreakers.co/,,,-0.1,"Acceleprise, Ulu Ventures","Oakland, California, United States",
Halolife,https://www.crunchbase.com/organization/halolife,"Communities, Internet, Software",Halolife is an online platform that provides step-by-step guidance to plan and find a burial or cremation service that meets your needs.,120000,USD,120000,Seed,"56,064",1,https://www.linkedin.com/company/halolife,https://halolife.com/,"Jake Beyer, Sam Bolgert",,-0.1,Y Combinator,"San Francisco, California, United States",
Jeeliz,https://www.crunchbase.com/organization/jeeliz,"Augmented Reality, Computer Vision, Machine Learning, Software, Video, Web Apps","We run deep learning neural networks inside the web browser using webgl. We do real-time face detection and tracking, glasses VTO, webAR.",100000,USD,100000,Pre-Seed,"57,251",1,https://www.linkedin.com/company/11052999/,https://jeeliz.com,"Chouki Hadri, Xavier Bourry",,-0.2,,"Palaiseau, Ile-de-France, France",
Minetta Brook,https://www.crunchbase.com/organization/minetta-brook,"Analytics, Big Data, Machine Learning, Software","Minetta Brook develops software that enables users to navigate, discover, and track relevant information from large bodies of data.",1626000,USD,1626000,Series A,"57,987",6,https://www.linkedin.com/company/minetta-brook,http://www.minettabrook.com,"Chandra Jonelagadda, Deepak Bharadwaj, Prabhu Venkatesh, Raghu Govindaraj, Sharad Rao",Less than $1M,-0.4,"Portland Seed Fund, Keiretsu Forum, Naya Ventures, Keiretsu Forum Northwest, TiE Angels","Kirkland, Washington, United States",
bitHound,https://www.crunchbase.com/organization/bithound,"Information Technology, Internet, Software",bitHound is a software analytics solution that provides information to help developers improve their software solutions.,,,,Seed,"58,629",2,http://www.linkedin.com/company/bithound,http://www.bithound.io,"Dan Silivestru, Gord Tanner, Pj Lowe",$1M to $10M,-0.5,"MaRS Investment Accelerator Fund, BDC Capital Corporation, Michael Wekerle","Kitchener, Ontario, Canada",
Transpose,https://www.crunchbase.com/organization/transpose,"Database, Internet, Software","A smart workspace for businesses to manage projects, data, assignments and more -- all on one structured platform.",1500000,USD,1500000,Seed,"59,050",1,https://www.linkedin.com/company-beta/2893286/,https://transpose.com/,"Hussein Ahmed, Matt Goyer, Samah Gad, Skyler Johnson-Wagner",,-0.1,"Founders' Co-op, Alliance of Angels","Seattle, Washington, United States",
Activity Rocket,https://www.crunchbase.com/organization/activity-rocket,"B2B, Internet","Activity Rocket is a first of its kind Internet search engine to search, compare, share, and book kid's classes and camps.",,,,Seed,"59,925",2,http://www.linkedin.com/company/activity-rocket,http://www.activityrocket.com,"Ilene Miller, Lisa Friedlander",Less than $1M,-0.1,"Mary Naylor, Hal Shear","Bethesda, Maryland, United States",
Create Real Estate,https://www.crunchbase.com/organization/create-io,"3D Technology, Information Technology, Mapping Services, Software, Software Engineering",Create is a next generation property database and 3D mapping platform.,4000000,USD,4000000,Seed,"60,575",2,https://www.linkedin.com/company/cre-t/,http://create.io/,"Edward Switzer, Stefan Martinovic",,-0.2,"Techstars, Techstars New York City Accelerator, Stefan Martinovic","Washington, District of Columbia, United States",
Accordion Health,https://www.crunchbase.com/organization/accordion-health,"Analytics, Big Data, Health Care, Information Technology, Machine Learning, Medical, SaaS",Accordion Health builds innovative data-driven platforms for value-based care.,1000000,USD,1000000,Seed,"60,676",2,https://www.linkedin.com/company/3778214,https://accordionhealth.com,"Joyce Ho, Sriram Vishwanath, Yubin Park",,-0.2,National Science Foundation,"Austin, Texas, United States",
RigPlenish,https://www.crunchbase.com/organization/rigplenish,"Data Center Automation, Emergency Medicine, Hospital, Software",RigPlenish makes software designed to reduce the amount of time paramedics spend documenting each ambulance run.,120000,USD,120000,Seed,"62,076",1,https://www.linkedin.com/company/rigplenish-inc-,http://www.rigplenish.com,"Nupur Mehta, Tejaswi Sagiraju",Less than $1M,1.7,Y Combinator,"Cupertino, California, United States",
Shovel Apps,https://www.crunchbase.com/organization/shovelapps,"Apps, E-Commerce, Mobile, Software",Shovel apps is a web platform that lets you create awesome e-commerce mobile applications for Android and iOS in just a few minutes.,650000,USD,650000,Seed,"62,357",1,http://www.linkedin.com/company/shovel-apps-inc-,http://www.shovelapps.com/,"Edward Villegas, Nahuel Candia, Nicolas Martinez Sala, Samuel Chalela Naffah",,0,,"San Jose, California, United States",
Howaboutsales,https://www.crunchbase.com/organization/howaboutsales,"CRM, Software",Howaboutsales was a software/consultancy company. As from 2017 the company and team transformed into Qollabi.,750000,EUR,840982,Seed,"63,759",2,,,"Frie Pétré, Stephan Stergiou",Less than $1M,-0.7,,"Brussels, Brussels Hoofdstedelijk Gewest, Belgium",
Cupenya,https://www.crunchbase.com/organization/cupenya,"Analytics, Artificial Intelligence, B2B, Customer Service, Enterprise Software, Software",AI powered solution for next generation Customer Service,850000,USD,850000,Seed,"63,977",2,http://www.linkedin.com/company/3033310,http://www.cupenya.com,"Dominik Blattner, Elmar Weber",,-0.5,Rockstart,"Amsterdam, Noord-Holland, The Netherlands",
Innoverne,https://www.crunchbase.com/organization/innoverne,"E-Commerce, Internet, PaaS, SaaS",Innoverne was a SaaS commerce platform that delivered sustainable product-service and closed loop models.,1003900,USD,1003900,Seed,"64,598",4,http://www.linkedin.com/company/innoverne-limited,http://www.innoverne.com,Julian Thomas,,-0.1,,"Reading, Reading, United Kingdom",
CannaBuild,https://www.crunchbase.com/organization/cannabuild,"Cannabis, Legal, Software",CannaBuild is a digital support application that helps cannabis dispensaries ensure compliance & serve their patients better. -,255000,USD,255000,Seed,"64,890",2,https://www.linkedin.com/company/cannabuild,http://cannabuild.me,Zach Marburger,,1.7,Arcview Group,"Denver, Colorado, United States",
NUKERN,https://www.crunchbase.com/organization/nukern,"B2B, Billing, Cloud Infrastructure, Cloud Management, CRM, Customer Service, Enterprise Software, SaaS, Software, Web Hosting",Automated billing and provisioning platform for web hosts and agencies.,100000,USD,100000,Pre-Seed,"64,900",2,http://www.linkedin.com/company/nukern,https://www.nukern.com,Phil Rivard,,-0.3,"Techstars, Right Side Capital Management, Techstars Austin Accelerator","Montréal, Quebec, Canada",
WrkRiot,https://www.crunchbase.com/organization/1for-one,"Employment, Machine Learning, Natural Language Processing, SaaS, Search Engine, Text Analytics",Taking the search out of job search with a patent pending customized platform utilizing NLP and Machine Learning.,130000,USD,130000,Seed,"65,628",2,https://www.linkedin.com/company/7587861?trk=tyah&trkInfo=clickedVertical%3Acompany%2CclickedEntityId%3A7587861%2Cidx%3A1-1-1%2CtarId%3A1472321003182%2Ctas%3Ajobsonic,http://wrkriot.com,Isaac Choi,,-0.4,"Isaac Choi, Paul Kim","Santa Clara, California, United States",
Lexumo,https://www.crunchbase.com/organization/lexumo,"Cloud Security, Cyber Security, Enterprise Software, Security, Software",Cloud service that helps companies find security vulnerabilities in their open source code.,4890000,USD,4890000,Seed,"65,665",2,,https://lexumo.com/,"Brad Gaynor, Nathan Shnidman, Richard Carback",,-0.4,".406 Ventures, Accomplice, MIT Venture Mentoring Service (MIT VMS)","Cambridge, Massachusetts, United States",
Nanocloud Software,https://www.crunchbase.com/organization/nanocloud-software,"Cloud Computing, Cloud Data Services, Productivity Tools, SaaS, Software",Nanocloud Software helps companies and vendors transform applications into cloud-based solutions.,2000000,EUR,2254011,Seed,"66,956",1,https://www.linkedin.com/company/nanocloud,https://www.nanocloud.com/,"Dominique Rodrigues, Erfane Arwani",$1M to $10M,0.8,"Breega, Siparex Groupe","Paris, Ile-de-France, France",
Wantoo,https://www.crunchbase.com/organization/wantoo,"Apps, Internet, Software","Wantoo offers a cloud-based platform that enables businesses to capture, analyze, and act on feedback provided by their team or customers.",500000,USD,500000,Seed,"68,306",1,https://www.linkedin.com/company/wantoo,http://wantoo.io/,,Less than $1M,-0.3,,"Vancouver, British Columbia, Canada",
PFITR,https://www.crunchbase.com/organization/pfitr--llc,"Analytics, Software",The Kelly Blue Book of fixed income securities,100000,USD,100000,Seed,"68,707",8,,https://pfitr.com,Jim Koetting,,1.3,"SixThirty, FIS, Capital Innovators, UMB Banks, Missouri Technology Corporation","Little Rock, Arkansas, United States",
vertisense,https://www.crunchbase.com/organization/vertisense,"Hardware, Software",Vertisense develops sensor-based technological tools to assist individuals with monitoring their health.,,,,Seed,"69,014",3,https://www.linkedin.com/company/vertisense,http://www.vertisense.com,"Ben Biron, Jonathan Ofir, Max Koeppel",,-0.2,"Techstars, Sprint Accelerator, Bantam Funds","New York, New York, United States",
Unoceros,https://www.crunchbase.com/organization/unoceros,"Mobile, Software",Unoceros is a company that provides cellphone users with the ability to turn their cellphones into a computing network.,50000,USD,50000,Seed,"70,093",3,http://www.linkedin.com/company/unoceros,http://www.unoceros.com,"Brian Godsey, Devin Elliot",Less than $1M,1.9,"Social Starts, Moonshots Capital, 9Mile Labs, QueensBridge Venture Partners","Kirkland, Washington, United States",
RevSite,https://www.crunchbase.com/organization/revsite,"E-Commerce, Lead Generation, Software, Web Design",We can help you stand out in this mobile driven world by creating a stunning mobile-enabled website.,2000000,USD,2000000,Series A,"70,301",2,https://www.linkedin.com/company/9264380?trk=tyah&trkInfo=clickedVertical%3Acompany%2Cidx%3A1-1-1%2CtarId%3A1437655592873%2Ctas%3Arevsite.co,http://www.revsite.com/,Jacob Garlick,$1M to $10M,-0.2,,"Reston, Virginia, United States",
Weave Visual Analytics,https://www.crunchbase.com/organization/weave-visual-analytics,"Analytics, Data Visualization, Information Technology, Software, Training",Provider of high-performance data visualization and analytic tools,750000,USD,750000,Seed,"70,784",1,,http://iweave.com/,"Georges Grinstein, Howard Berke",,1.1,Breton Capital Management,"Lowell, Massachusetts, United States",
Numeos,https://www.crunchbase.com/organization/numeos,"B2B, Financial Services, FinTech, Marketplace","Fintech, open-banking, distribution",1200000,GBP,1584846,Seed,"71,421",2,,https://numeos.co.uk,Farid Sedjelmaci,,-0.4,,"London, England, United Kingdom",
Cabsolutely,https://www.crunchbase.com/organization/cabsolutely,"Mobile, Ride Sharing, SaaS, Transportation",Cabsolutely gives a tech upgrade for the taxi industry.,500000,USD,500000,Seed,"72,041",2,,http://www.cabsolutely.co/,"Andras Simon, Virag Reti",Less than $1M,0,"InCrowd Capital, MergeLane, Start Co.","Memphis, Tennessee, United States",
Quicklegal,https://www.crunchbase.com/organization/quicklegal,"E-Commerce, Legal, Mobile, Software","Quicklegal is a new platform that allows users to instantly video chat, audio call or private message an attorney anywhere in the nation.",,,,Seed,"72,901",3,,http://Quicklegal.com,Derek Bluford,,-0.1,500 Startups,"Sacramento, California, United States",
Iambiq,https://www.crunchbase.com/organization/iambiq,Software,Iambiq helps organizations read and process large amounts of text-based data usually handled by humans.,120000,USD,120000,Seed,"75,400",1,https://www.linkedin.com/company/iambiq-tech/,http://www.iambiqtech.com,"Anna Kazlauskas, Rosa Lin",,1.4,Y Combinator,"Washington, District of Columbia, United States",
Branch2,https://www.crunchbase.com/organization/branch2,"Health Care, Information Technology, Software",Branch2 builds apps that enhance well-being by connecting communities to evidence-based mindfulness practices.,396820,USD,396820,Seed,"75,456",4,http://www.linkedin.com/company/branch2,http://www.branch2.com,Reggie Luedtke,Less than $1M,-0.1,,"Middleton, Wisconsin, United States",
Bandbasher,https://www.crunchbase.com/organization/bandbasher,"Analytics, Business Development, Independent Music, Music, Music Education, Software","Bandbasher provides a platform to learn the industry, connect and collaborate with other artists, and get paid for your work.",150000,USD,150000,Seed,"75,606",3,https://www.linkedin.com/company/15241811/,https://bandbasher.com,DeCarlos Garrison,Less than $1M,0,,"Orlando, Florida, United States",
Catalog,https://www.crunchbase.com/organization/catalog,"Advertising, Marketing, Software",Catalog makes software tools for production teams and commercial content for consumer brands.,1500000,USD,1500000,Seed,"76,485",2,https://www.linkedin.com/company/catalogofficial/,https://www.catalog.cc,"Jacobo Lumbreras, Patrick Ip",,-0.1,"Techstars, Moonshots Capital, Luma Launch, Techstars Los Angeles Accelerator","Los Angeles, California, United States",
TrackerSense,https://www.crunchbase.com/organization/trackersense-ltd,"Logistics, Software, Supply Chain Management",TrackerSense develops and deploys parcel delivery and asset tracking technology to drive supply chain efficiency worldwide.,160000,GBP,195857,Seed,"78,749",1,https://www.linkedin.com/company/trackersense,http://www.trackersense.com,Wayne Soutter,,-0.1,,"Shinfield, Reading, United Kingdom",
CloakHire,https://www.crunchbase.com/organization/cloakhire,SaaS,"CloakHire specializes in the fields of networking, split fee contracts, social networking, and executive search.",1000000,USD,1000000,Seed,"79,004",2,https://www.linkedin.com/company/cloakhire,https://cloakhire.com/,"Brandon Malson, Max Miller, Sharon McILnay, Tom Miller",,-0.4,"Matias Energy, LLC","Troy, Michigan, United States",
Deckard,https://www.crunchbase.com/organization/deckard,"Artificial Intelligence, Developer Tools, Machine Learning, Natural Language Processing, Software",Deckard is an AI engine that learns about the structure and performance of a software development team.,28300,USD,28300,Seed,"79,449",1,https://www.linkedin.com/company/deckard---a.i.-for-coding/,http://deckard.ai,"Aurélien Nicolas, Lele Canfora",,-0.1,"Speedinvest, Plug and Play, Axel Springer Plug and Play Accelerator","Berlin, Berlin, Germany",
Gazoo,https://www.crunchbase.com/organization/gazoo-2,"Hardware, Software",Gazoo provides hardware and software that adds hundreds of compute cores to industry standard servers.,1000000,USD,1000000,Series A,"79,835",2,https://www.linkedin.com/company/gazoo,http://www.gazoohpc.com/,"Chris McDonald, Glenn Knepp, Jeff McDougall, Scott Morton",Less than $1M,0,SeedSumo,"Bryan, Texas, United States",
Parabola,https://www.crunchbase.com/organization/parabola,"Financial Services, FinTech, Mobile Apps, SaaS",Parabola is a SaaS for financial advisors. We use gamification to automatically track a user's progress against financial goals.,75000,USD,75000,Seed,"79,935",1,https://www.linkedin.com/company/parabola-llc,https://www.myparabola.com,Joshua Hatter,Less than $1M,0,,"Charleston, South Carolina, United States",
eager-academy-inc,https://www.crunchbase.com/organization/eager-academy-inc,"EdTech, Education, Information Technology, Software","Software technology company focusing on K-12 academic performance improvement through corporate reward based, positive operant conditioning.",85000,USD,85000,Pre-Seed,"79,966",1,https://www.linkedin.com/in/chris-hanson-4b161379,http://eagertoachieve.com/,"Chris Hanson, Chris Nicholas, Rahul Basu",,3.5,,"Philadelphia, Pennsylvania, United States",
HQ,https://www.crunchbase.com/organization/hq-3,"Finance, Payments, Software",Run your business from your phone.,150000,GBP,233801,Seed,"80,432",1,https://www.linkedin.com/company/hq-,http://www.hqtheapp.com,"Dan Bruce, Ivo Weevers",,-0.5,Ascension Ventures,"Highbury, Islington, United Kingdom",
Feather,https://www.crunchbase.com/organization/care-current,"Elder Care, SaaS, Software",Platform for In-Home Senior Care,250000,USD,250000,Seed,"80,436",2,,http://www.joinfeather.com,"Christopher Williams, Evan Black, Nicholas Fuller, Rachel Fuller",,-0.3,"Innova Memphis, Hayseed Ventures","Fayetteville, Arkansas, United States",
AdaptiveWell Technologies,https://www.crunchbase.com/organization/adaptivewell-technologies,"Analytics, Big Data, Enterprise Software, Oil and Gas, Software","AdaptiveWell solves a multi-Billion Dollar, Big Data problem for Oil & Gas operators, resulting in capital efficiency and increased profits.",125000,USD,125000,Seed,"81,585",2,https://www.linkedin.com/company/adaptivewell-technologies,http://www.adaptivewell.com,Benjamin Decio,$1M to $10M,-0.1,Frost Data Capital,"San Juan Capistrano, California, United States",
Chameleon Ad,https://www.crunchbase.com/organization/chameleon-ad,"Ad Exchange, Advertising, Internet, SaaS",Chameleon is a native advertising software headquartered in Dublin.,80000,EUR,88135,Seed,"82,751",1,https://www.linkedin.com/company/chameleon-ad,http://chameleon.ad,Ruben Amoruso,Less than $1M,-0.2,,"Dublin, Dublin, Ireland",
StyleWhere,https://www.crunchbase.com/organization/stylewhere,"Analytics, Sensor, Software","In-store shopping cart abandonment analytics. (Acquired, Smartrac N.V.)",190000,USD,190000,Seed,"82,932",1,,http://stylewhere.com,,,3.7,,"Inglewood, California, United States",
FUTIMMO,https://www.crunchbase.com/organization/futimmo,"Artificial Intelligence, E-Commerce, E-Commerce Platforms, Machine Learning, SaaS, Software",Ecommerce Platform built with AI and machine learning,60000,USD,60000,Seed,"83,693",1,https://www.linkedin.com/company/Futimmo,https://futimmo.com/,Matt Stefanik,,-0.3,,"Wesley Chapel, Florida, United States",
TechNearshore,https://www.crunchbase.com/organization/technearshore,"Information Technology, Internet, Software, Web Development",Outsourced Software Development Company,1000000,USD,1000000,Series A,"83,949",1,https://www.linkedin.com/company/tech-nearshore,http://www.technearshore.com/,Jim Ryan,Less than $1M,-0.1,,"Boca Raton, Florida, United States",
Zero Locus,https://www.crunchbase.com/organization/zero-locus,"Analytics, Computer, Finance, Insurance, Retail, Software",Zero Locus Inc. develops software systems to perform advanced analytics for various data sets. It serves customers in the areas of,200000,USD,200000,Seed,"85,041",2,,http://zerolocus.com,Art Mellor,,0.7,"gener8tor, American Family Ventures","Milwaukee, Wisconsin, United States",
DUUL,https://www.crunchbase.com/organization/duul,"Social Media, Software, Video Games",A platform that allows every level of video gamer to win money & prizes by playing eSports competitions against players of their same skill.,400000,USD,400000,Seed,"85,750",2,,https://duulnow.com,"Aaron Pantoja, Gabriel Kruse",,-0.2,,"Tempe, Arizona, United States",
BarFrog,https://www.crunchbase.com/organization/barfrog,"FinTech, Hospitality, Mobile Payments, Software",BarFrog is a mobile payment app that automatically opens and closes a user's bar tab simply by entering or exiting the bar.,321000,USD,321000,Seed,"86,122",1,https://www.linkedin.com/company/barfrog,https://barfrog.com,Anthony Milici,,-0.5,,"Charleston, South Carolina, United States",
AppBugs,https://www.crunchbase.com/organization/app-bugs,"Apps, Computer, Software","AppBugs, Inc. helps developers find security bugs in their apps and mobile app users identify the apps with security bugs on their devices.",700000,USD,700000,Seed,"86,301",1,https://www.linkedin.com/company/appbugs,https://www.appbugs.co/home/,"Rui Wang, Stan Bounev",Less than $1M,-0.2,,"Redmond, Washington, United States",
MobiDart,https://www.crunchbase.com/organization/mobidart,"Ad Network, Advertising Platforms, Mobile, Software","A mobile ad platform called the T.I.T.A.N. Enginge, a Technologically Intuitive Targeted Ad Network capable of realtime intuitive delivery.",669000,USD,669000,Seed,"86,650",1,https://www.linkedin.com/company/2944664,http://www.mobidart.com/,Frank Rice,$1M to $10M,-0.1,,"Thousand Oaks, California, United States",
Beegit,https://www.crunchbase.com/organization/beegit,"Advertising, Content, Social Media, Software",Beegit's platform helps teams kickstart their content marketing efforts.,100000,USD,100000,Seed,"87,077",3,http://www.linkedin.com/company/5034523,http://www.beegit.com,"JD Eaton, Kristopher Ciccarello, Mike Cottrill",Less than $1M,2.2,Innovation Fund Northeast Ohio,"Cleveland, Ohio, United States",
Qvolve,https://www.crunchbase.com/organization/qvolve,"Medical, Property Management, Software",Qvolve creates software solutions for regulated industries. Qvolve's solutions are created with all levels of an organization in mind.,140000,USD,140000,Seed,"87,169",2,http://www.linkedin.com/company/qvolve-llc,http://www.qvolve.net/,Alan Radomsky,$1M to $10M,0.4,,"Kalamazoo, Michigan, United States",
Skaffl,https://www.crunchbase.com/organization/skaffl,"Computer, Mobile Apps, Software",Comprehensive workflow for tablet classrooms,100000,USD,100000,Seed,"87,583",2,http://www.linkedin.com/company/skaffl-llc,http://www.skaffl.com,"Angela Moramarco, Matt Smollinger, Michael Hanssen, Rita Chesterton",,-0.1,"LearnLaunch Accelerator, Ben Franklin Technology Partners of Northeastern Pennsylvania","Bethlehem, Pennsylvania, United States",
QponQrush - Facebook meets Groupon,https://www.crunchbase.com/organization/qponqrush,"Coupons, Digital Media, E-Commerce, Marketing, Mobile Advertising, Predictive Analytics, Retail Technology, SaaS, Social Media Marketing",MarTech Platform matching Marketers with their Millennial Shoppers using Predictive Analytics.,,,,Series A,"87,855",2,https://www.linkedin.com/company/digitalqpon-inc-,http://www.qponqrush.com,"Paul Benevich, Paul Taylor",$1M to $10M,-0.6,,"Newport Beach, California, United States",
Remedify,https://www.crunchbase.com/organization/remedify,"Hardware, Software",Remedify is a database and iPad app that aids technicians in cleaning and sterilizing reusable surgical instruments.,,,,Seed,"88,029",2,https://www.linkedin.com/company/remedify,http://remedify.com,Abe Music,,-0.2,"HCA, Healthbox, BlueCross BlueShield Venture Partners, Sandbox Industries, InCrowd Capital","Nashville, Tennessee, United States",
Kandid,https://www.crunchbase.com/organization/kandid,"Apps, Mobile, Software",Kandid is an application that enables its users to create private groups with friends and share their experiences in real time.,1400000,USD,1400000,Seed,"88,297",1,,http://kandid.co,Janum Trivedi,,-0.2,,"San Francisco, California, United States",
Firebird,https://www.crunchbase.com/organization/catapult,"Artificial Intelligence, Business Intelligence, Information Technology, Machine Learning, Quantum Computing, Software","Firebird is a quantum machine intelligence company, building machine learning software for the most advanced computers on the planet.",65000,CAD,51972,Seed,"88,483",1,,,"Alexander Somjen, Colin J.E. Lupton, Jonathan Holtby, Stephen Lee",,0,,"Toronto, Ontario, Canada",
Gizlo,https://www.crunchbase.com/organization/gizlo,"Crowdsourcing, Retail Technology, SaaS","Gizlo is a platform for businesses to connect and collaborate with mobile users around the world, gaining valuable insights and opinions,",770000,USD,770000,Seed,"88,538",1,https://www.linkedin.com/company/5040119,http://www.gizlo.com/,"Eemil Kraft, Eetu Raudas, Jussi Kokkala, Kalle Ek, Niko Hirvonen",,-0.2,Visionplus,"Helsinki, Southern Finland, Finland",
Cymplar,https://www.crunchbase.com/organization/cymplar,"Information Technology, SaaS, Small and Medium Businesses","Cymplar leads with flexible interaction and tips, constantly improving and increasing your chances of success.",1200000,USD,1200000,Series A,"88,560",2,http://www.linkedin.com/company/cymplar,http://cymplar.com/,Oscar Omegna,,-0.2,,"Melbourne, Victoria, Australia",
Mamabear,https://www.crunchbase.com/organization/mamabear,"Computer, Information Technology, Software",Mamabear is a provider of configured laptop computers.,120000,USD,120000,Seed,"88,873",1,,https://mamabear.io/,Ian Atha,,-0.1,Y Combinator,"San Francisco, California, United States",
N/A,https://www.crunchbase.com/organization/open-space-innovations,"Apps, Commercial Real Estate, Developer Platform, Mobile Apps, Property Management, Real Estate, Rental Property, Software, Web Apps",None,100000,USD,100000,Seed,"88,971",2,,,"A L, Lance Green",,-0.6,,"Denver, Colorado, United States",
EVENT2,https://www.crunchbase.com/organization/event2,"B2B, Event Management, SaaS, Software, Wedding",Increasing revenue and driving efficiency across the event planning industry.,100000,USD,100000,Seed,"89,630",1,https://www.linkedin.com/company/event2/,http://event2.io,"Fanuel Dewever, Mia Shark",,-0.3,,"Honolulu, Hawaii, United States",
LUCAN Technologies,https://www.crunchbase.com/organization/lucan-technologies,"Electronics, Manufacturing, Software",Lucan Technologies is a technology company that designs and manufactures modular touch screen PCs and tablets.,70000,USD,70000,Seed,"89,812",1,,http://www.lucantech.com/,Murat Erdogan,,0.6,,"Greeley, Colorado, United States",
Satiemployee,https://www.crunchbase.com/organization/satiemployee,"Information Technology, Internet, Software","Satiemployee is a web app developed on blockchain for small, medium, and large companies.",300000,USD,300000,Seed,"90,556",1,https://www.linkedin.com/company/satiemployee,https://satiemployee.com,"Alessandro Raffelini, Cristian Fresolone, Stefano Mascheroni",,2.5,,"London, England, United Kingdom",
Real Tech Innovations (RTI)-CLOSED,https://www.crunchbase.com/organization/real-tech-innovations-rti,"Cloud Data Services, Information Technology, IT Infrastructure, SaaS, Small and Medium Businesses",A MSSP (Managed Software & Sevice Provider) based in beautiful Colorado. Real Tech Innovations provides white glove I.T. support & Software.,1000,USD,1000,Seed,"91,263",1,,,Tristan Poulsen,,-0.1,,"Broomfield, Colorado, United States",
Agile Aberration Group Corporation,https://www.crunchbase.com/organization/aag-innovation-labs,"Asset Management, Consumer Software, Digital Marketing, Digital Media, Innovation Management, Management Consulting, Medical Device, Sales Automation, Software",Management Consulting,50000,USD,50000,Seed,"92,157",1,https://www.linkedin.com/company/18251596/,,Larry Bell,,-0.5,,"Beverly Hills, California, United States",
AlertSquad,https://www.crunchbase.com/organization/alertsquad,"iOS, Mobile Apps, Software","AlertSquad is a mobile app that enables users to alert their friends, family, and authorities in case of GPS location problem.",400000,USD,400000,Seed,"92,428",1,,https://www.alertsquad.net,Kevin Quinn,,1.3,,"Meridian, Idaho, United States",
Wattage,https://www.crunchbase.com/organization/wattage,"3D Printing, Consumer Electronics, E-Commerce, Hardware, Software",An online platform that makes creating hardware easy.,200000,USD,200000,Seed,"93,313",1,,http://www.wattage.io/,"Brett Hagman, Jeremy Bell, Peter Nitsch",,0.4,,"Toronto, Ontario, Canada",
Sonation,https://www.crunchbase.com/organization/sonation-apps,"Music, Professional Services, Software",Sonation apps make singing and playing music more fun and interactive.,25000,USD,25000,Seed,"93,542",2,,http://www.sonation.net,"Ann Chao, Christopher Raphael, Paul Henry Smith",,-0.3,"MassChallenge, Boston Syndicates (BOSS), Maine Angels","Boston, Massachusetts, United States",
Galileo Inc.,https://www.crunchbase.com/organization/galileo-inc-,"Drones, Enterprise Software, Software","The Galileo Alpha is the first smart drone designed to protect your home, property, and business. GalileoUSA.com",5600,USD,5600,Seed,"93,943",1,https://www.linkedin.com/company/galileo-inc-?trk=top_nav_home,http://galileousa.com,"Benjamin Quartey, Christopher Bannister, Joshua Sanabria, Rodney Allen",Less than $1M,-0.1,,"Loma Linda, California, United States",
Upshift,https://www.crunchbase.com/organization/upshift-0f2a,"Data Center Automation, Finance, Mobile Apps, SaaS","Build your freelance business reach with integrated work platforms, tools, reports, with a location based gig market to add work and grow.",30000,USD,30000,Seed,"94,278",1,,http://upshift-app.com,Robert Schachte,,-0.2,,"Fort Collins, Colorado, United States",
OSIA Medical,https://www.crunchbase.com/organization/osia-medical,"Enterprise Software, Health Care, Medical, Software","OSIA Medical is company created by asthma sufferers, respiratory specialists, and software experts.",275445,USD,275445,Seed,"95,205",1,https://www.linkedin.com/company/osia-medical,http://osiamedical.com/,"Josh Dees, Rich Hendershot, Rob Reynolds",,-0.1,,"Sandy, Utah, United States",
Sonic Payments,https://www.crunchbase.com/organization/sonic-payments,"Payments, Real Estate, SaaS",Sonic Payments develops future-proof payment solutions that power high-volume aggregators and SaaS platforms.,250000,USD,250000,Seed,"95,256",1,https://www.linkedin.com/company/sonic-payments,https://sonicpayments.com,"Chris Cashwell, Timothy Montgomery",Less than $1M,-0.1,,"Asheville, North Carolina, United States",
Symbol Inc,https://www.crunchbase.com/organization/symbol-inc,"Artificial Intelligence, CRM, Information Technology, Software",Creating A Modern World Using Innovative Technology,1000,USD,1000,Pre-Seed,"96,517",1,,https://www.symbolinc.page/,Milan Cheeks,,-0.3,,"Southampton, New York, United States",
eSportics,https://www.crunchbase.com/organization/esportics,"SaaS, Social Media, Software, Sports","eSportics is a software to organise, manage and promote sport tournaments, combined with social network.",100000,EUR,111135,Seed,"96,584",4,,http://www.esportics.com,"Quim Granados, Vanessa Palmer",,0,"Conector Startup Accelerator, Sitka Capital, Draper B1, Grupo ItNet, Making Ideas Business","Valencia, Comunidad Valenciana, Spain",
Dolla Technologies Group Ltd.,https://www.crunchbase.com/organization/dolla,"Financial Services, Software",Developing the first OS for basic financial services.,25000,USD,25000,Pre-Seed,"96,902",1,,,Mark Poderis,,-0.4,,"Doylestown, Pennsylvania, United States",
Jimi,https://www.crunchbase.com/organization/jimifitness,"Apps, B2B, Fitness, Marketplace, Software",Jimi is a business app made for freelance trainers and independant gym studios.,104000,USD,104000,Seed,"98,139",2,https://www.linkedin.com/company/jimifitness,https://getjimi.com/,"Jude Cale, Nabil Mseddi",$1M to $10M,-0.3,"Deepak Madnani, Stephen Po, Jeffrey Broer, Barry Lau, Wayne Gray","Genève, Geneve, Switzerland",
WMVAI,https://www.crunchbase.com/organization/wmvai,"Information Technology, Internet, Software","Create custom voice solutions for Amazon Alexa, Google Home / Assistant, Microsoft Cortana, Apple Siri and Samsung Bixby.",100000,USD,100000,Seed,"98,233",1,https://www.linkedin.com/company/wmvai/,https://wmv.ai/,"Ian Utile, Ryan Opfer",,-0.4,Reflective Venture Partners,"Redding, California, United States",
Don't Panic Consulting,https://www.crunchbase.com/organization/don-t-panic-consulting,"Digital Marketing, Information Technology, Mobile Apps, Software, Web Apps, Web Development",Don't Panic Consulting is a software development firm providing software development and consultancy services.,400000,USD,400000,Seed,"98,468",1,https://www.linkedin.com/company/dontpanicllc/,http://dontpanic.consulting,"Justin D, Richard Hooper",,-0.3,,"Lewiston, Maine, United States",
Ulytic,https://www.crunchbase.com/organization/ulytic,"Information Services, Information Technology, Software, Video",Ulytic is an on-demand traffic counting service.,50000,USD,50000,Seed,"100,570",1,https://www.linkedin.com/company-beta/10056883,http://ulytic.com,,Less than $1M,-0.1,,"Omaha, Nebraska, United States",
GD Analytics,https://www.crunchbase.com/organization/gupta-daniel,"Analytics, Cannabis, Marketing, SaaS",Marketing & analytics SaaS provider for cannabis dispensaries.,25000,USD,25000,Seed,"101,080",1,https://www.linkedin.com/company/gupta-&-daniel/,http://www.guptadaniel.com,"Benjamin Daniel, Prateek Gupta",,2,"CanopyBoulder, Prateek Gupta","Berkeley, California, United States",
Shelf Scouter,https://www.crunchbase.com/organization/shelf-scouter,"Innovation Management, Online Portals, Personalization, Software",FairTech Labs provides an online solution for personalized household inventory management.,,,,Seed,"101,097",2,https://www.linkedin.com/company-beta/9380564,http://www.shelfscouter.com/,Lindsay Fairman,Less than $1M,-0.1,Ben Franklin Technology Partners of Central and Northern Pennsylvania,"State College, Pennsylvania, United States",
InApp Pro,https://www.crunchbase.com/organization/inapp-pro,"Enterprise Software, Professional Services, SaaS, Software",InApp Pro is a new on-demand professional services platform that makes it easy for businesses to Book and Work with software consultants.,2012000,USD,2012000,Seed,"101,400",1,,http://inapppro.com/,Jeffrey Leventhal,,-0.1,Boldstart Ventures,"Huntington, New York, United States",
QuBowl,https://www.crunchbase.com/organization/qubowl,"Analytics, Education, SaaS",We take the hassle out of coaching quiz bowl,100000,USD,100000,Seed,"102,173",1,https://www.linkedin.com/company/qubowl,http://www.qubowl.com,"Blake Puryear, John James, Will Gilbrech",Less than $1M,-0.5,Hayseed Ventures,"Fayetteville, Arkansas, United States",
Locye,https://www.crunchbase.com/organization/locye,"Computer, Real Time, Software",Interact with those sharing a common experience near you.,150000,USD,150000,Seed,"102,510",3,https://www.linkedin.com/company/6590356/,https://www.locye.com,"Matthew Bechdol, Sajjad Mustehsan, Zainub Mustehsan",,-0.3,,"Empire, California, United States",
Kernl,https://www.crunchbase.com/organization/kernl-2,"Photo Sharing, Social, Software, Video",A fun and powerful social economy.,200000,USD,200000,Seed,"102,602",1,https://www.linkedin.com/company/kernl/,http://www.getkernl.com,Joshua Manns,,0,,"Oakland, California, United States",
BattleGuru,https://www.crunchbase.com/organization/battleguru,"Artificial Intelligence, Big Data, eSports, Machine Learning, SaaS, Software",BattleGuru is an eSports company that offers AI-based services and products to the B2B2C markets.,10000,USD,10000,Pre-Seed,"105,541",1,https://www.linkedin.com/company/battle-guru/,https://battle.guru,Vladislav Romanovsky,,-0.3,,"Newark, Delaware, United States",
Vessix,https://www.crunchbase.com/organization/vessix,"CRM, Enterprise Software, Information Technology, Software","Vessix developed technology for consolidating POS, CRM and reporting.",1000000,USD,1000000,Seed,"106,565",2,https://www.linkedin.com/company/vessix,http://www.vessix.com,Chris Bridges,,-0.4,,"Denver, Colorado, United States",
Chroma Labs,https://www.crunchbase.com/organization/chroma-labs,"Apps, E-Commerce, Information Technology, Internet, Social Media Advertising, Social Media Management, Social Media Marketing, Software",Chroma Labs engages in the retail sale of specialized lines of merchandise.,,,,Seed,"107,432",1,https://www.linkedin.com/company/chromalabs,http://www.ChromaLabs.com,"Alex Li, John Barnett, Joshua Harris",,-0.4,Sweet Capital,"San Mateo, California, United States",
CoPilot Systems,https://www.crunchbase.com/organization/copilot-systems,"Apps, Education, SaaS","CoPilot is a powerful tool, designed for college students, that significantly improves course completion and graduation rates.",540000,USD,540000,Seed,"107,515",1,https://www.linkedin.com/company/copilot-systems,http://www.copilotsystems.com/,"Carolyn Carpeneti, Kate Purmal",,-0.4,,"San Francisco, California, United States",
Bink! Inc.,https://www.crunchbase.com/organization/bink--inc-,"Analytics, Big Data, Brand Marketing, Image Recognition, Mobile, Mobile Advertising, Outdoor Advertising, SaaS",An image recognition mobile game where player scan logos around them generating unique data about where brands are seen in the real world.,105000,USD,105000,Seed,"107,534",1,https://www.linkedin.com/company/binkworld,http://www.thebinkworld.com,"Mikhail Ivanov, Slava Chernikoff, Thomas Speckman, Yury Akinin",,0.3,,"San Francisco, California, United States",
JumpSeat,https://www.crunchbase.com/organization/jumpseat,"Internet, Software","JumpSeat is a company based out of Hingham, MA, United States.",140000,USD,140000,Seed,"108,104",1,http://www.linkedin.com/company/2707428,http://jumpseat.me,,$1M to $10M,0,,"Hingham, Massachusetts, United States",
Kontena,https://www.crunchbase.com/organization/kontena,"Cloud Infrastructure, Information Technology, Software","Kontena provides the most easy-to-use, fully integrated solutions for DevOps to deploy, run, monitor and operate containers on the cloud.",,,,Seed,"108,852",2,https://www.linkedin.com/company/kontena,http://www.kontena.io,"Jari Kolehmainen, Lauri Nevala, Miska Kaipiainen, Sami Ahvenniemi",Less than $1M,-0.2,"Lifeline Ventures, InReach Ventures","New York, New York, United States",
Patchwork Security,https://www.crunchbase.com/organization/patchwork-security,"Cyber Security, Network Security, Security, Software",Patchwork Security Personalized notifications for Open Source Vulnerabilities.,120000,USD,120000,Seed,"109,455",1,https://www.linkedin.com/company/6609076,https://patchworksecurity.com/,,,-0.4,Y Combinator,"Oakland, California, United States",
Hyperloop Data,https://www.crunchbase.com/organization/hyperloop-data,"Analytics, Big Data, Cloud Data Services, Data Integration, Data Visualization, Enterprise Software, SaaS, Software",Hyperloop Data provides proprietary data transmission technology for enterprise solutions.,35000,USD,35000,Seed,"110,204",1,,http://hyperloopdata.com,,,-0.3,"Contura Investments, LLC","Waterloo, Ontario, Canada",
Bolzter,https://www.crunchbase.com/organization/volvant,"Advertising Platforms, Analytics, Lead Generation, SaaS",Bolzter is a social marketing platform that creates a social graph for each lead by tracking leads connections.,200000,USD,200000,Seed,"110,316",1,http://www.linkedin.com/company/bolzter,http://www.bolzter.com,Jorge Rodriguez,,-0.3,,"Miami, Florida, United States",
Coyno,https://www.crunchbase.com/organization/coyno,"Accounting, Bitcoin, FinTech, Software",The Bitcoin Bookkeeper. Bookkeeping software-as-a-service for Bitcoin.,2500,EUR,3115,Seed,"110,888",1,,http://www.coyno.com,"Erasmus Hagen, Levin Keller",,0,Axel Springer Plug and Play Accelerator,"Berlin, Berlin, Germany",
"OA Digital, Inc",https://www.crunchbase.com/organization/oa,"Commercial Real Estate, Human Resources, Productivity Tools, Smart Building, Software",We are on a mission to give your employees up-to 10% more highly productive time every day.,100000,EUR,125108,Seed,"112,120",1,,http://oa.digital,"Dimitar (mitko) Vasilev, Samuel Billot, Shabaz Yousaf",,0,"Dimitar (mitko) Vasilev, Samuel Billot","Wilmington, Delaware, United States",
"LinkGear Foundation, LLC",https://www.crunchbase.com/organization/linkgear-foundation,"Blockchain, Consulting, FinTech, Information Technology, Software",LinkGear is a decentralized multi-blockchain system designed to support all peer-to-peer digital economic activities.,50000,USD,50000,Seed,"112,900",1,https://www.linkedin.com/company/linkgear/,https://ixinhub.co,,,-0.2,,"Rockville, Maryland, United States",
DivorceSecure,https://www.crunchbase.com/organization/divorcesecure,"Consulting, Internet, Legal, SaaS",DivorceSecure allows divorce attorneys to streamline the intake process and increase their capacity to serve more clients.,25000,USD,25000,Seed,"113,132",1,,http://www.divorcesecure.com,"Hirsch Serman, Noam Davidovics",,1.3,Innova Memphis,"Memphis, Tennessee, United States",
E-Logs Technology,https://www.crunchbase.com/organization/e-logs-technology,"Environmental Engineering, Information Technology, Logistics, Software, Transportation",Electronic Logging Device - Meets Final Rule.,112000,USD,112000,Seed,"113,241",1,,http://elogstech.com/,Joel Ledesma,,-0.3,,"Riverside, California, United States",
Triggertrap,https://www.crunchbase.com/organization/triggertrap,"Android, Hardware, iOS, Mobile, Photography, Software",Triggertrap creates a variety of intelligent and creative camera triggering products,,,,Series A,"113,596",3,http://www.linkedin.com/company/triggertrap,http://triggertrap.com,Haje Jan Kamps,,-0.1,"Microsoft Accelerator, Microsoft Accelerator London","London, England, United Kingdom",
StoreGecko Limited,https://www.crunchbase.com/organization/storegecko-limited,"E-Commerce, Information Services, SaaS",StoreGecko offers product information management solutions for small and businesses as well as online stores.,15000,EUR,17065,Seed,"116,519",2,http://www.linkedin.com/company/storegecko,http://www.storegecko.com,Jan Andersen,,-0.3,"Startupbootcamp, Startupbootcamp Commerce Amsterdam","London, England, United Kingdom",
OiOIoT,https://www.crunchbase.com/organization/oioiot,"Cyber Security, Energy, Hardware, Smart Home, Software",Smart iOT solutions for connected community projects through patented highly secure bi-directional communication.,25000,USD,25000,Seed,"117,886",1,,http://www.oioiot.com/,"Matsu Thornton, Reza Ghorbani",,-0.1,XLR8UH,"Honolulu, Hawaii, United States",
Sourcingtextiles.com,https://www.crunchbase.com/organization/sourcingtextiles-com,"B2B, Cloud Computing, E-Commerce, Fashion, Information Technology, Internet, Textiles","Sourcingtextiles.com is a cloud-based B2B platform for a secure, intelligent, and global procurement of textiles and clothing.",100000,EUR,113829,Seed,"118,077",1,,https://www.sourcingtextiles.com/,,,-0.5,,"Northbrook, Illinois, United States",
Insurspace,https://www.crunchbase.com/organization/insurspace,"Reputation, SEO, Software",Insurspace is online reputation management firm with tools and services to enhance how business professionals are perceived online.,75000,USD,75000,Seed,"118,237",1,http://www.linkedin.com/company/insurspace,http://www.insurspace.com,,,0,,"Gaithersburg, Maryland, United States",
4wrdtech,https://www.crunchbase.com/organization/4wrdtech,"Apps, Computer, Information Technology, Software","Tickle the kid inside all of us, we dabble in gaming apps. Also working on new ways to compress Data",80000,USD,80000,Seed,"118,628",1,,https://4wrdtech.com,"Corey Paris, Regginald Gonzalez, Shawn Taikratoke",,-0.3,,"Austin, Texas, United States",
"Spectator Sports, Inc.",https://www.crunchbase.com/organization/spectatorapp,"Mobile, Software, Sports","Spectator Sports, Inc. offers a tool for booster clubs to streamline the membership process and accept online donations.",20000,USD,20000,Seed,"118,857",1,https://www.linkedin.com/company/spectator-llc-,http://www.teamspectator.com,"Brandon Kiefer, Jon Myers",,0,"Invest Nebraska, NMotion","Edmond, Oklahoma, United States",
Amarant Education,https://www.crunchbase.com/organization/amarant-education,"E-Learning, Education, Music Education, Software",Music Education Technology Startup,150000,USD,150000,Seed,"119,285",1,https://www.linkedin.com/company/amaranteducation/,http://www.amaranteducation.com,Brenden Matthews,Less than $1M,-0.2,,"Cedar Park, Texas, United States",
DWC,https://www.crunchbase.com/organization/dwc,"Consulting, Information Technology, Software",DWC provides solutions that address financial services clients’ complex and dynamic business needs.,500241,USD,500241,Seed,"119,386",1,https://www.linkedin.com/company/david-widerhorn-consulting-llc/about/,http://www.davidwiderhorn.com,David Widerhorn,,0.3,,"Chicago, Illinois, United States",
Budzz,https://www.crunchbase.com/organization/budzz,"Agriculture, AgTech, Cannabis, Farming, Information Technology, Mobile Apps, Software, Web Apps",Budzz supplies a multi-platform application to provide safe and credible transactions.,1000,USD,1000,Seed,"120,046",1,https://www.linkedin.com/company/budzz-io/,https://budzz.io,Alexander Peri,,1.4,,"Santa Cruz, California, United States",
Divvi,https://www.crunchbase.com/organization/divvi-dacd,"Apps, Content, Digital Media, Legal, Software",Divvi is an online platform and app that facilitates uncontested divorces from start to finish. ,,,,Seed,"120,623",2,https://www.linkedin.com/company/getadivvi/,https://www.getadivvi.com/,Sarah Stinson,,-0.3,"Boomtown Accelerators, Right Side Capital Management","Bozeman, Montana, United States",
Paperplane,https://www.crunchbase.com/organization/paperplane,"Apps, Software",Paperplane is an intuitive travel planning app that allows you to plan a trip with just a few simple taps.,20000,USD,20000,Seed,"121,297",1,,http://www.travelpaperplane.com/,,,-0.4,"Blue Startups, autoXLR8R","Honolulu, Hawaii, United States",
DataFlyte,https://www.crunchbase.com/organization/dataflyte,"Aerospace, Energy, Software",DataFlyte™’s proprietary equipment reads and processes data from AMR-style meters from the air and delivers that data back to your utility,,,,Seed,"121,908",2,https://www.linkedin.com/company/dataflyte-inc,http://dataflyte.us/,Daniel Morse,,-0.1,Blank Slate Ventures,"Knoxville, Tennessee, United States",
TrustaFact,https://www.crunchbase.com/organization/trustafact,"Information Services, Information Technology, Internet, Software",TrustaFact helps you determine how trustworthy any website is with your money and personal information.,200000,USD,200000,Seed,"125,356",1,https://www.linkedin.com/company/4787503,http://trustafact.com,Bryan Lovgren,$1M to $10M,-0.2,Roundsquare Ventures,"Phoenix, Arizona, United States",
TableTime,https://www.crunchbase.com/organization/tabletime,"Analytics, B2B, Food and Beverage, Information Technology, NFC, Restaurants, SaaS, Software",TableTime is a B2B SaaS startup. We provide the foremost data collection and reporting platform for the restaurant industry.,10000,USD,10000,Seed,"125,451",1,,http://www.tabletimenyc.com,"Cecil Worsley IV, Pete D'Abrosca",,-0.4,,"Santa Cruz, California, United States",
CollegeConnect,https://www.crunchbase.com/organization/collegeconnect,Software,"A white-label student marketplace for US campuses. Allows students to i) rent things out, ii) sell to one another, and iii) offer services",250000,GBP,322162,Seed,"136,958",1,,https://collegeconnect.cc,"Antonio Ribeiro, James Steyn, Joe Richardson",,-0.4,,"London, England, United Kingdom",
Real Time Objects,https://www.crunchbase.com/organization/real-time-objects,"Computer, Real Time, Software",Real Time Objects is a consulting and training services as well as assisting in product development company.,16665,GBP,25296,Seed,"141,998",1,https://www.linkedin.com/company-beta/457931,http://www.realtimeobjects.com,,,1.3,"Seedrs, Collider","Brookfield, Wisconsin, United States",
iVocate,https://www.crunchbase.com/organization/ivocate-2,"Government, Politics, SaaS","iVocate is a government affairs company that uses data to match like-minded organizations, manage coalitions, and optimize advocacy.",75000,USD,75000,Seed,"143,659",1,,http://www.ivocateapp.com,"Josh Skipworth, Shari Shapiro",,-0.6,,"Des Moines, Iowa, United States",
ET Discovery,https://www.crunchbase.com/organization/et-discovery,"Education, Human Resources, Information Technology, Recruiting, Software","At ET Discovery, we provide a powerful virtual environment that allows recruiters and universities to host their own virtual fair.",25000,GBP,39089,Seed,"145,560",1,,http://etdiscovery.com/,,,-0.2,,"London, England, United Kingdom",
Pickin',https://www.crunchbase.com/organization/pickin,"Advertising, Information Technology, Internet, Software",Softwares and Social media app rethinking the way users react to content. Allowing comparison among and within several types of media.,100000,USD,100000,Seed,"146,316",4,https://www.linkedin.com/company/pickin-app,,"Alessandro Voltolini, Kamil Jamka",,-0.5,,"Milan, Lombardia, Italy",
Besst,https://www.crunchbase.com/organization/better-bet-llc,"Apps, Communities, Mobile Apps, Social Media, Software",A platform for people to compete with their friends wagering social media incentives.,,,,Pre-Seed,"147,977",1,https://www.linkedin.com/company/BesstApp/,https://www.besst.io/,Spencer Gordon - Sand,,1.7,,"Chicago, Illinois, United States",
"PointResponse, Inc",https://www.crunchbase.com/organization/pointresponse-ltd-co,"Apps, Cloud Computing, Law Enforcement, Logistics, Mobile, Scheduling, Software",PointResponse is a command system that allows collaborative emergency and incident management from any mobile device.,65000,USD,65000,Seed,"148,405",1,https://linkedin.com/company/pointresponse,https://pointresponse.com,"Trevor Pierce, Trey Frankovich",Less than $1M,-0.7,,"League City, Texas, United States",
Chibwe,https://www.crunchbase.com/organization/chibwe,"Analytics, Computer, Software",Chibwe combines pre-built software components to create bespoke solutions for its clients.,21600,GBP,34722,Seed,"150,839",1,http://www.linkedin.com/company/chibwe-ltd,http://www.chibwe.com,Nigel Legg,,0,"Seedrs, WebStart Bristol","Bristol, Bristol, City of, United Kingdom",
Init.ai (acquired by Apple),https://www.crunchbase.com/organization/init-ai,"Artificial Intelligence, B2B, Developer Platform, Developer Tools, Machine Learning, Messaging, Natural Language Processing, Virtual Assistant",Init.ai is a developer platform that enables its users to design and develop language conversational mobile applications.,,,,Seed,"152,409",1,https://www.linkedin.com/company/10536356,https://www.init.ai,"Keith Brisson, Kyle DeTella, Trevor McNaughton, William Dawoodi",,0.4,"Techstars, Boldstart Ventures, Esther Dyson, Techstars Boulder Accelerator, Valence Ventures","New York, New York, United States",
Tourism4me,https://www.crunchbase.com/organization/tourism4me,"Hospitality, Software, Tourism, Travel","Tourism4me is developing software for the tourism industry, with a focus on the vacation rentals market.",15000,EUR,16794,Seed,"154,340",1,http://www.linkedin.com/company/tourism4me,http://tourism4me.com,"Augustin Jarak, Siniša Kravaršćan",,-0.4,33entrepreneurs,"Delaware, Ohio, United States",
SmartKickz,https://www.crunchbase.com/organization/smartkickz,"Education, Fashion, Shoes, Software",Learning Technology GPS Children's Footwear,50000,USD,50000,Seed,"154,803",1,http://www.linkedin.com/company/smartkickz-inc,http://smartkickz.com/?reqp=1&reqr=,"Taze R. Ellis, Uchenna Dike",,-0.5,,"Sacramento, California, United States",
"TAFi, Inc.",https://www.crunchbase.com/organization/tafi-inc,"Analytics, Health Care, Software",TAFi liberates hospital electronic medical record data and empowers real-time predictive analytics.,,,,Pre-Seed,"159,509",1,https://www.linkedin.com/company/tafi,http://www.tafi.io,"Kevin Desai, Mel Cohen",Less than $1M,-0.3,LAUNCH,"Chicago, Illinois, United States",
CONCIERGED MEDICAL,https://www.crunchbase.com/organization/concierged-medical-2,"EdTech, Health Care, Medical, Software",Personal Electronic Health Records Management Systems,50000,USD,50000,Seed,"165,744",1,,https://www.conciergedmedical.com,"Alain Ghonda, Dr. Michael Dechert",,-0.8,,"Silver Spring, Maryland, United States",
Watercluster,https://www.crunchbase.com/organization/watercluster,"B2B, Natural Resources","First platform for 7Bn Users, $620 Bn global water sector.",50000,USD,50000,Seed,"170,485",1,,https://www.watercluster.com/,,,3.8,,"Santa Monica, California, United States",
PointStart,https://www.crunchbase.com/organization/pointstart,"Computer, Data Integration, Software, Web Apps",PointStart provides its clientele with modern web applications and api integrations to bring their businesses into the 21st century.,20000,USD,20000,Seed,"170,771",1,https://www.linkedin.com/company/5021465?trk=tyah&trkInfo=clickedVertical%3Acompany%2Cidx%3A1-1-1%2CtarId%3A1429526034380%2Ctas%3A%20PointStart,https://www.pointstart.io/,,,-0.1,,"Toledo, Ohio, United States",
Codescoop,https://www.crunchbase.com/organization/codescoop,"Information Technology, Software",Codescoop is developing an open source software management and quality tracking tool.,,,,Seed,"174,869",2,https://www.linkedin.com/company/codescoop/,http://www.codescoop.com/,Valtteri Halla,,-0.4,Superhero Capital,"Helsinki, Southern Finland, Finland",
Clipman,https://www.crunchbase.com/organization/clipman,"Computer, E-Commerce, Marketing, Software, Video",Clipman is software tool used to create product videos in just minutes that boost e-commerce marketing and drive sales.,,,,Seed,"192,712",1,,https://clipman.com,"Peep Ploom, Raul Kaevand",,-0.1,Spring Capital,"Tallinn, Harjumaa, Estonia",
skylable,https://www.crunchbase.com/organization/skylable,"Open Source, Software",Open-source software-defined storage,,,,Seed,"197,066",1,http://www.linkedin.com/company/skylable,http://www.skylable.com,"Alberto Wu, Edvin Torok, Luca Gibelli, Tomasz Kojm",,6.8,,"London, England, United Kingdom",
Intelliment Security,https://www.crunchbase.com/organization/intelliment-security,"Information Technology, Infrastructure, Network Security, Security, Software",Intelliment Security is a highly scalable network security policy automation that provides software defined security controller products.,,,,Seed,"206,434",2,,http://www.intellimentsec.com,"Eduardo Fernández León, Sergio Pozo",,-0.4,"Seedcamp, Crane Venture Partners, Finch Capital, Cisco Entrepreneurs in Residence","London, England, United Kingdom",
Digital Brand Group,https://www.crunchbase.com/organization/digital-brand-group-inc,"Consulting, Mobile, Software, Web Development",Custom Software Development Services,,,,Seed,"220,133",1,http://www.linkedin.com/company/digital-brand-group-inc,http://www.digitalbrandgroup.com,Jeremiah Jacks,,-0.1,,"Irvine, California, United States",
Nanotech Biomachines,https://www.crunchbase.com/organization/nanotech-biomachines,"Biotechnology, Information Technology, Medical, Software",Nanotech Biomachines develops a sensor technology for therapeutic discovery and development applications.,,,,Seed,"221,914",3,https://www.linkedin.com/company-beta/2969125/,http://www.nanotechbio.com,Will Martinez,,0,"Sand Hill Angels, Life Science Angels, Generation Ventures","Richmond, California, United States",
Heyy App,https://www.crunchbase.com/organization/heyy-app,"CMS, CRM, Software",Digital Media CMS,,,,Series A,"238,353",2,,https://www.heyy.com,Andrew Danner,,0,,"Santa Monica, California, United States",
NootBot,https://www.crunchbase.com/organization/nootbot,"Apps, Software",Messenger chatbot for nootropics (congitive enhancers). Talk and suggest right cognitive enhancers. ,35000,USD,35000,Seed,"259,544",1,,,"Jernej Nose, Peter Jamnik",,-1,"LAUNCHub Ventures, StartLabs, Silicon Gardens","Ljubljana, Ljubljana Urban Commune, Slovenia",
Persista,https://www.crunchbase.com/organization/persista,"Content Discovery, Enterprise Applications, Intelligent Systems, Software",Smarter Software,,,,Seed,"261,115",1,,http://www.persista.com,Mike Rosengarten,,-0.1,Cherubic Ventures,"San Francisco, California, United States",
Tenzar,https://www.crunchbase.com/organization/tenzar,"Apps, Software",Software Technologies For Advanced Computing Workloads,,,,Seed,"262,100",1,https://www.linkedin.com/company/tenzar-technologies/,https://www.tenzar.com,Kevin Yedid-Botton,,4.8,,"San Diego, California, United States",
Torchapp Entertainment,https://www.crunchbase.com/organization/torchapp-entertainment,"Events, Gaming, iOS, Mobile, Mobile Apps, News, Software, Video Games",Torchapp Entertainment is provider of unique mobile games from own development studios to the global market.,10000,USD,10000,Seed,"275,282",1,https://www.linkedin.com/company/torchapp-entertainment,http://torchappentertainment.com,,,-0.4,,"Amsterdam, Noord-Holland, The Netherlands",
Edcoda,https://www.crunchbase.com/organization/edcoda,"E-Learning, EdTech, Education, Gamification, Machine Learning, Mobile Apps, PC Games, Software, Video Games",Edcoda is an educational technology startup that helps kids learn better using gaming and adaptive technology.,,,,Seed,"301,074",1,,http://www.edcoda.com,Clarence Tan,,2.4,,"Kansas City, Kansas, United States",
Scratch-it,https://www.crunchbase.com/organization/scratch-it,"Advertising, Cloud Computing, Enterprise Software, Mobile, Software",Scratch-it is a marketing software tool to create interactive experiences,,,,Seed,"323,158",2,http://www.linkedin.com/company/scratch-it,https://www.scratch-it.com,"Carl-Einar Thorner, Robert Haydock",,-0.5,"Portland Seed Fund, Keiretsu Forum Northwest","Portland, Oregon, United States",
Verecho,https://www.crunchbase.com/organization/verecho-inc,"Enterprise Software, Information Technology, Mobile, Software",Automating People Knowledge Management for the Enterprise,,,,Seed,"342,267",2,https://www.linkedin.com/company/6454883,http://www.verecho.com,"Dale Chen, Pooneet Goel, Scott Wang",Less than $1M,-0.8,"Alchemist Accelerator, Founder Friendly Labs, Prabhu Goel, Chaitanya Chandrasekar, Pooneet Goel","Mountain View, California, United States",
Lifestyle Social,https://www.crunchbase.com/organization/lifestyle-social,"Cloud Infrastructure, Personal Health, SaaS","Lifestyle Social is the continuing vision of a team of personal trainers, nutritionists, scientists, physicians.",,,,Seed,"345,243",1,https://www.linkedin.com/company/lifestyle-social,http://www.lifestylesocial.com,Matthew Lowe,,3.9,Boomtown Accelerators,"Denver, Colorado, United States",
Reveal,https://www.crunchbase.com/organization/reveal-6,"Machine Learning, Recruiting, Software",Reveal uses advanced mathematical models to provide insight about the job market.,,,,Seed,"352,716",1,https://www.linkedin.com/company/reveal-,http://revealhub.com/,,,-0.6,Founders,"Copenhagen, Hovedstaden, Denmark",
oratio,https://www.crunchbase.com/organization/orat-io,"B2B, CRM, Customer Service",Oratio helps businesses to connect with their customers on messengers through personal & automated conversations.,,,,Seed,"359,262",1,,https://orat.io,"Bernhard Hauser, David Pichsenmeister",,-0.4,Axel Springer Plug and Play Accelerator,"Vienna, Wien, Austria",
Pipra AG,https://www.crunchbase.com/organization/pipra-ag,"Health Care, Medical, Software",PIPRA is developing a cutting-edge AI-based pre-surgical tool to assess patients’ risk of suffering from cognitive impairment after surgery.,2000000,EUR,2236691,Seed,"360,499",1,https://www.linkedin.com/company/pipra-ag,http://www.pipra.ch,"Benjamin Dodsworth, John Klepper, Nayeli Schmutz, Susan Brändli",,6.9,EIT Health,"Zürich, Zurich, Switzerland",
Dockbit,https://www.crunchbase.com/organization/dockbit,"Developer Platform, Developer Tools, Enterprise Software, Software","Dockbit turns your software deployments into repeatable, manageable workflows. Bring your team together and ship better.",,,,Seed,"378,771",1,https://www.linkedin.com/company/Dockbit,https://dockbit.com/,"Ahmed ElGamil, Tair Assimov",,-0.7,NUMA Barcelona,"Barcelona, Catalonia, Spain",
Rubicore,https://www.crunchbase.com/organization/rubicore,"Human Resources, Software","At Rubicore, our mission is to enhance performance management by developing tools to monitor and evaluate core metrics.",,,,Seed,"425,410",1,https://www.linkedin.com/company/3577242?trk=tyah&trkInfo=idx%3A1-1-1%2CtarId%3A1425355926758%2Ctas%3Arubicore,http://www.rubicoredesigns.com,Nana Dooreck,,-0.6,,"Santa Monica, California, United States",
LIR,https://www.crunchbase.com/organization/lir,"Computer, Health Care, Hospital, Sensor, Software",LIR is a company offering a bladder fullness sensor for those struggling to manage their bladders.,,,,Seed,"433,125",1,,http://www.lirscientific.com,Jean Rintoul,,-0.4,"HAX, SOSV","San Francisco, California, United States",
CareerSofia,https://www.crunchbase.com/organization/careersofia,"SaaS, Sales",Knowledge Management for Sales Teams,,,,Seed,"437,415",1,https://www.linkedin.com/company/careersofia,http://www.careersofia.com,Josh Reback,,-0.5,,"San Francisco, California, United States",
Opz.io,https://www.crunchbase.com/organization/opz-io,"Analytics, Artificial Intelligence, Real Time, Software",Opz.io is an intelligent time tracking solution that provides real-time analytics and reporting to individuals and companies.,,,,Seed,"451,482",1,https://www.linkedin.com/company/11006499/,https://www.opz.io/,Lawrence Braun de Almeida,,-0.1,Startup Braga,"Faro, Faro, Portugal",
Meer,https://www.crunchbase.com/organization/meer,"Apps, Internet, Media and Entertainment, Social Media, Social Network, Software",Meer lets users enter their budget and receive getaway recommendations based on their social media profile.,,,,Seed,"481,525",1,https://www.linkedin.com/company/meer,http://www.trademeer.com,,,-0.3,Boomtown Accelerators,"Davis, California, United States",
Kiwi App,https://www.crunchbase.com/organization/kiwi-app,"Big Data, Consulting, CRM, Information Technology, Marketing, Software",Kiwi is a smart-assistant that helps clients grow their network and manage relationships.,,,,Seed,"490,221",1,,http://www.getkiwi.co,,,-0.5,,"New York, New York, United States",
The Wall,https://www.crunchbase.com/organization/the-wall-2,"Location Based Services, Mobile Apps, Software",The Wall is an application where users can pin moments to specific locations.,,,,Seed,"555,144",1,,http://thewallapp.com,,,-0.1,TEB Private Investor Society,"Istanbul, Istanbul, Turkey",
TrackCareNow,https://www.crunchbase.com/organization/trackcarenow,"Developer Tools, Enterprise Software, Service Industry, Software",TrackCareNow is a real time labor management software developed by nursing home owners.,,,,Seed,"582,916",1,,http://www.trackcarenow.com/,,,-0.2,BoomStartup,"Salt Lake City, Utah, United States",
SyncUI,https://www.crunchbase.com/organization/syncui,"Cloud Management, SaaS, Software, Test and Measurement",Blisk browser enables developers to create websites for multiple devices simultaneously. Make every web developer 200% more productive.,,,,Pre-Seed,"592,470",1,,http://syncui.com,,,-0.9,Startup Wise Guys,"Tallinn, Harjumaa, Estonia",
Aikicrypt,https://www.crunchbase.com/organization/aikicrypt,"Cloud Computing, Information Technology, Mobile, Mobile Apps, Software, Web Browsers",Mobile-friendly encryption for the cloud.,,,,Seed,"601,083",1,,http://www.aikicrypt.com/,"Alexey Gribov, Sergey Gorbunov",,-0.3,Dorm Room Fund,"Boston, Massachusetts, United States",
Line-Hop,https://www.crunchbase.com/organization/line-hop,"Financial Services, FinTech, Mobile, Mobile Apps, Mobile Payments, Software",Mobile Payment Solution for Events,,,,Seed,"705,701",1,,,Chee Jun Leong,,-1.3,,"Berlin, Berlin, Germany",
SpreadVision,https://www.crunchbase.com/organization/spreadvision,"Advertising, Internet, Marketing, Software","Internet company focusing on improving storytelling. We build creative products, ultimately driving actual business results.",,,,Seed,"800,187",1,https://www.linkedin.com/company/spreadvision,http://spreadvision.eu/,Arsenium Nicolae,,0.7,Arsenium Nicolae,"Ploiesti, Prahova, Romania",
Teambeat,https://www.crunchbase.com/organization/teambeat,Software,"Teambeat is online software that enables employers and employees to create, publish, and accept applications for vacation and shift plans.",,,,Seed,"960,568",2,,https://www.teambeat.eu/,,,-0.2,"High-Tech Grunderfonds, HR Ventures","Hamburg, Hamburg, Germany",